id,domain,status,purchase_price,renewal_price,attractiveness,demand,length,registrar,created_at,expires_at,status_verified_at
ac05759d-eddd-4f02-9918-d8189c51942b,russians.navy,available,41.99,41.99,medium,low,8,namesilo,,,27/09/2026 10:58
1e1d082a-bdf9-4ae3-94f6-63bf0c5e8fc8,wholly.navy,available,41.99,41.99,high,low,6,namesilo,,,
3f5701cd-c1f0-42fa-ac24-7feb26df9dd2,computer.navy,available,41.99,41.99,high,medium,8,namesilo,,,28/09/2026 08:32
a5c6d03f-5a7c-445a-b4a1-1dec7f6de9f0,murray.navy,available,41.99,41.99,high,low,6,namesilo,,,25/09/2026 22:54
6418c01f-864d-4a85-9b91-e086ed4dc6e8,averment.navy,available,41.99,41.99,medium,low,8,namesilo,,,20/09/2026 16:16
ca0ae618-1ce2-4853-aede-9b93acebe21c,airily.navy,available,41.99,41.99,medium,low,6,namesilo,,,13/09/2026 18:31
6ef41023-1fdd-4db5-83a2-a4a86764592d,lewis.navy,available,41.99,41.99,high,low,5,namesilo,,,25/09/2026 03:55
008f01e8-da39-400b-9745-a213950b945e,irt.navy,available,33.32,33.32,low,low,3,spaceship,,,29/09/2026 03:54
b6900f9b-c1ce-4324-b0fb-2bc24d45e7db,gunfire.navy,available,33.32,33.32,high,low,7,spaceship,,,28/09/2026 19:24
5e063d10-7a6e-4ff9-bded-ae49466d0228,coed.navy,available,41.99,41.99,medium,low,5,namesilo,,,12/08/2026 13:16
f8e966f6-bc7b-459d-b7a8-98c62546a507,declaration.navy,available,32.2,32.2,high,low,11,cloudflare,,,28/09/2026 12:33
d045340b-8766-4540-a3be-bb0478b17064,coffeepots.navy,available,41.99,41.99,medium,low,10,namesilo,,,21/09/2026 00:56
09ee0592-73aa-4801-801f-a41b23c12908,blithely.navy,available,41.99,41.99,medium,low,8,namesilo,,,14/09/2026 00:31
6977d505-6184-4bb5-b368-1c4e72a9f7af,foreshadow.navy,available,41.99,41.99,high,low,10,namesilo,,,21/09/2026 03:32
8cb04ee9-af54-46a4-b8c8-9c851eda0572,brenner.navy,available,43.98,45.98,medium,low,7,namecheap,,,28/09/2026 22:08
c06c12fe-b451-4098-bae7-315556da2fd5,understandable.navy,available,41.99,41.99,high,low,14,namesilo,,,
c7bb09b3-72d4-4037-819f-2815bc7d34c6,demolition.navy,available,41.99,41.99,high,low,10,namesilo,,,24/09/2026 21:50
aca187e1-9213-4fdb-95db-3384f17cf52a,aglaonema.navy,available,43.98,45.98,medium,low,9,namecheap,,,17/09/2026 18:18
3795253f-fbae-4a21-a2a3-44252b0b4f40,rigour.navy,available,41.99,41.99,medium,low,6,namesilo,,,20/09/2026 14:57
d828155e-4d7a-486c-9ab2-4419468b84fc,overdose.navy,available,33.32,33.32,medium,low,8,spaceship,,,29/09/2026 02:45
788cc4eb-e5d7-4f13-bfba-fb6d51e437f5,demonstration.navy,available,41.99,41.99,high,low,13,namesilo,,,
7dce263d-08c8-4f8f-a2b4-3ceef9cace9d,louisa.navy,available,43.98,45.98,medium,low,6,namecheap,,,25/09/2026 14:44
b7d85cf3-ae82-4239-8228-93ed78988c25,theodore.navy,available,33.32,33.32,high,low,8,spaceship,,,29/09/2026 02:58
f0a839fb-bbb9-4a1c-9563-3845bd3b76c8,chummy.navy,available,41.99,41.99,high,low,6,namesilo,,,11/08/2026 07:44
aef331c7-b15a-4250-925c-0daf085f7eca,conduit.navy,available,41.99,41.99,high,low,7,namesilo,,,24/09/2026 17:11
3e3f4807-a49f-4ba9-a3aa-253d330d1798,hegel.navy,available,33.32,33.32,medium,low,5,spaceship,,,28/09/2026 14:17
08699ed7-9740-4eab-906b-2ef7ee524d30,numberless.navy,available,41.99,41.99,high,low,10,namesilo,,,13/08/2026 03:42
955f12e5-546a-405a-9255-bccadab0c099,airburst.navy,available,41.99,41.99,high,low,8,namesilo,,,17/09/2026 23:00
25f38335-bdaf-4d72-891c-25ffaab22660,frail.navy,available,41.99,41.99,high,low,5,namesilo,,,18/08/2026 13:59
87141779-09fc-4312-a67d-74960ad1f965,lake.navy,available,41.99,41.99,high,low,4,namesilo,,,
aa8c1e7a-92a2-4cae-a7fe-407732b462f4,enormously.navy,available,41.99,41.99,medium,low,10,namesilo,,,14/09/2026 15:47
843b54b8-a4f2-4819-a2f2-d3c492b70e4c,doubtful.navy,available,41.99,41.99,medium,low,8,namesilo,,,24/09/2026 11:52
5e1a03f6-699d-4866-8c51-1a006e482504,dissociate.navy,available,41.99,41.99,medium,low,10,namesilo,,,14/08/2026 11:11
d792d501-4d28-4499-8e30-d8d03a42cef8,phelps.navy,available,43.98,45.98,high,low,6,namecheap,,,25/09/2026 18:39
ee7dd8b1-0c20-4f71-8afa-1a695f3206de,arguing.navy,available,41.99,41.99,medium,low,7,namesilo,,,20/09/2026 04:50
e3d66b31-3072-447d-871a-63258c708d95,brandeis.navy,available,33.32,33.32,medium,low,8,spaceship,,,28/09/2026 08:12
cb1f1890-cd7d-4839-ab5f-6e23d72dc3a3,maniac.navy,available,41.99,41.99,high,low,6,namesilo,,,24/08/2026 11:21
e952d01a-7230-4e59-8cba-2ef4698b5d5a,squashed.navy,available,41.99,41.99,medium,low,8,namesilo,,,10/09/2026 17:31
2864d9db-fa93-4fb0-a794-1be07b09581c,pvc.navy,available,33.47,33.47,high,low,3,porkbun,,,29/09/2026 01:51
a0cdf633-e8c2-4210-8d92-12b25bae0f2c,keeps.navy,available,43.98,45.98,high,low,5,namecheap,,,25/09/2026 19:06
33b24fc9-b537-42d5-9286-893376ed66bc,cobalt.navy,available,41.99,41.99,high,low,6,namesilo,,,20/09/2026 22:41
f92ec318-3700-4d61-9619-ce957a5cb14f,hereby.navy,available,41.99,41.99,medium,low,6,namesilo,,,15/09/2026 00:25
f44dcd04-6d23-4ceb-a88b-f271394ae2ee,guatemalan.navy,available,41.99,41.99,high,low,10,namesilo,,,20/08/2026 20:45
aa06fa07-05ba-4999-985a-f597e6f6b3ac,meat.navy,available,41.99,41.99,high,low,4,namesilo,,,14/09/2026 23:51
dbce477c-ae23-4d56-a064-5e2d3fec707a,towed.navy,available,42.99,,medium,low,5,name.com,,,
ed252ba9-0b95-4499-bc4e-210fa90dce7a,pretending.navy,available,41.99,41.99,high,low,10,namesilo,,,
4def2bee-c5f6-4cb9-83f5-030e71a9d224,doyle.navy,available,41.99,41.99,high,low,5,namesilo,,,25/09/2026 12:42
c4f94e0a-026d-4d04-a86f-09f7766ab0c8,unfathomed.navy,available,41.99,41.99,medium,low,10,namesilo,,,12/09/2026 09:57
35e82a13-9dfa-477c-b444-e02fea6ab079,touchstone.navy,available,41.99,41.99,high,low,10,namesilo,,,10/09/2026 18:36
3792cefd-fdde-4302-ac3f-33c4613d13db,masked.navy,available,41.99,41.99,high,low,6,namesilo,,,12/08/2026 11:32
67fc46c8-8061-456c-8f6d-de2b1d3b2cca,ninety.navy,available,42.99,52.99,high,low,6,name.com,,,
a5dabec6-4bd4-4051-82ef-4c46a685fa72,given.navy,available,41.99,41.99,high,low,5,namesilo,,,24/09/2026 22:16
696c1296-2b99-4afc-856e-0d0ab1e5546f,harold.navy,available,41.99,41.99,high,low,6,namesilo,,,
50393d91-4b68-49b9-88b2-dcd6b6be7fd0,wavelike.navy,available,41.99,41.99,medium,low,8,namesilo,,,13/08/2026 06:56
74f199a3-7b1c-4a13-814a-5439a6a12ad6,movie.navy,available,34.27,34.27,high,low,5,dynadot,,,28/09/2026 03:21
b17d2d2c-ab7f-49f4-a755-fc5c5fb20d83,djiboutian.navy,available,41.99,41.99,medium,low,10,namesilo,,,14/08/2026 14:08
6bdcd2c2-a4ed-45f9-8ab6-be507830a7c9,zhou.navy,available,41.99,41.99,high,low,4,namesilo,,,25/09/2026 22:14
6208900b-4cc0-47b1-b338-1b9263859dfa,useable.navy,available,41.99,41.99,medium,low,7,namesilo,,,12/09/2026 23:57
1e5273e5-6509-46cc-abe4-a57cb15ab891,arity.navy,available,41.99,41.99,medium,low,5,namesilo,,,20/09/2026 06:02
4536ec44-2d22-473e-b3ea-29e5a3e1782f,scheduled.navy,available,32.2,32.2,high,low,9,cloudflare,,,27/09/2026 18:26
55ba76a0-0d30-41cf-9631-4233d38bd6e7,trapped.navy,available,41.99,41.99,medium,low,7,namesilo,,,07/08/2026 11:08
53541f7a-94d6-4384-b038-e8f5e79545d6,rode.navy,available,34.27,34.27,medium,low,4,dynadot,,,28/09/2026 11:10
11d383f7-f3fe-4858-b84b-b7e6432ad262,although.navy,available,41.99,41.99,medium,low,8,namesilo,,,
86365b4e-3378-45dd-862c-f61a45e982bf,hayastan.navy,available,41.99,41.99,medium,low,8,namesilo,,,20/09/2026 06:40
1877cc8a-ea9e-4adc-9fa9-a3687953929d,viewers.navy,available,33.32,33.32,medium,low,7,spaceship,,,28/09/2026 20:41
f67bcf35-3f56-48b7-81b1-6c9750eb7132,finger.navy,available,41.99,41.99,high,low,6,namesilo,,,25/09/2026 06:02
03f91161-00e7-4c01-bca6-16f01cff7df3,jaw.navy,available,41.99,41.99,high,low,3,namesilo,,,27/09/2026 03:31
9fd920c7-2567-4b85-bace-a5b8f0fc1533,acumen.navy,available,43.98,45.98,high,low,6,namecheap,,,17/09/2026 05:39
ec93f675-4764-406e-8866-db5b52bdab55,cartoons.navy,available,41.99,41.99,medium,low,8,namesilo,,,29/09/2026 00:08
bea787f8-c06c-4e98-98a6-76b5651311ac,ointment.navy,available,41.99,41.99,high,low,8,namesilo,,,16/08/2026 15:54
e085b5de-5b9a-47a9-b81b-5f1caf64baaa,trine.navy,available,41.99,41.99,medium,low,5,namesilo,,,
f7e14382-4308-48e0-892c-e0bb2b5109d8,animation.navy,available,41.99,41.99,high,low,9,namesilo,,,18/09/2026 08:09
7320d121-0cf6-4419-8f06-b187be4268c9,hazel.navy,available,41.99,41.99,high,low,5,namesilo,,,21/08/2026 01:45
782b3b80-2219-439f-bb29-aed783400191,reposeful.navy,available,41.99,41.99,medium,low,9,namesilo,,,09/09/2026 13:28
a7171ac1-9a73-45c1-a352-9d0d0e536964,buying.navy,available,41.99,41.99,high,low,6,namesilo,,,
09322486-e58f-42fd-81b3-e3f04eed4bdd,spider.navy,available,41.99,41.99,high,low,6,namesilo,,,26/09/2026 00:23
34795ced-4abd-4a86-96e2-7b1083fdbdae,retreat.navy,available,42.99,,high,low,7,name.com,,,
e00edbf0-b065-4dd3-844b-f8306e2fba6f,deng.navy,available,32.2,32.2,high,low,4,cloudflare,,,27/09/2026 20:32
f8f17b4c-18e5-4f03-9dd6-3995ca8891ab,velvetleaf.navy,available,43.98,45.98,medium,low,10,namecheap,,,16/09/2026 19:24
ad463eef-3914-4911-91a1-383756f0fb57,margot.navy,available,32.2,32.2,high,low,6,cloudflare,,,28/09/2026 21:14
2f0ca38e-9f90-4e27-acc4-b0e1f3c1d343,halfway.navy,available,41.99,41.99,high,low,7,namesilo,,,11/08/2026 23:56
d8dd9ad0-8b7c-42a7-b236-be210f02ee21,babylon.navy,available,41.99,41.99,high,low,7,namesilo,,,21/09/2026 13:50
7b6bc2dd-8d2d-4eb0-9829-cacc99e84754,strikingly.navy,available,41.99,41.99,medium,low,10,namesilo,,,16/09/2026 07:22
fae2e002-33c0-4da3-9f26-d6ec7641b299,concept.navy,available,41.99,41.99,high,low,7,namesilo,,,24/09/2026 17:05
33782770-2fe6-4be6-9a27-47072a6af832,lymphatic.navy,available,41.99,41.99,medium,low,9,namesilo,,,24/08/2026 12:33
1eebe079-ee8e-4abe-93b4-0f597f18f1ac,receive.navy,available,41.99,41.99,high,low,7,namesilo,,,
65b0055e-d2a1-4c11-bcbe-114c5ee0ecf2,stunt.navy,available,33.32,33.32,high,low,5,spaceship,,,28/09/2026 10:58
0922f691-6b22-40e0-a377-da47be38fa44,betrayed.navy,available,41.99,41.99,medium,low,8,namesilo,,,26/09/2026 03:08
d4cfe77b-179f-4095-8bf5-94794f9af6c3,pie.navy,available,41.99,41.99,high,low,3,namesilo,,,25/09/2026 09:59
6973a8cb-1ef9-4491-afce-6098590c9712,tried.navy,available,41.99,41.99,high,low,5,namesilo,,,28/09/2026 02:21
1040e0bd-f741-46b1-a68d-51a457f8998e,thrasher.navy,available,41.99,41.99,medium,low,8,namesilo,,,18/09/2026 13:24
dbc7d24a-d7d4-473e-9785-32878f5223af,apparatus.navy,available,43.98,45.98,high,low,9,namecheap,,,19/09/2026 19:49
d63e7579-7685-4aa4-b8fd-898832d26f50,claimant.navy,available,41.99,41.99,high,low,8,namesilo,,,24/09/2026 15:11
86be5a34-ebc2-4566-acb1-1d9e2f3f950d,suggestive.navy,available,41.99,41.99,medium,low,10,namesilo,,,21/08/2026 22:34
457feac0-3739-4f9b-8855-fc724ca1886d,laurel.navy,available,41.99,41.99,high,low,6,namesilo,,,20/09/2026 11:06
2fa92966-d771-4765-937a-a5c4eba415c6,autoclave.navy,available,41.99,41.99,medium,low,9,namesilo,,,21/09/2026 06:03
d7853d7a-88fb-4be6-8653-c090a7a87896,thrilling.navy,available,41.99,41.99,high,low,9,namesilo,,,16/08/2026 02:41
66611a47-71d4-4f5e-8d02-a3073134631f,inner.navy,available,41.99,41.99,high,low,5,namesilo,,,22/08/2026 05:54
16849d6b-42eb-45d9-b1de-165b36cc36d0,sacrifice.navy,available,42.99,52.99,high,low,9,name.com,,,25/09/2026 10:25
6f38fcf5-294d-4101-8490-39e05304f538,anglian.navy,available,41.99,41.99,medium,low,7,namesilo,,,19/09/2026 06:48
53b0783a-fda8-474e-8832-f62d5de17272,alexandria.navy,available,41.99,41.99,high,low,10,namesilo,,,18/09/2026 06:02
99818ca9-7151-4c2b-8906-e9c361f8922d,whacked.navy,available,41.99,41.99,medium,low,7,namesilo,,,13/09/2026 11:08
eecd8489-7031-49e5-b045-805b389b5914,hermann.navy,available,41.99,41.99,high,low,7,namesilo,,,20/09/2026 07:11
8e5d00c8-3f42-4175-90c8-657de127f988,absorbance.navy,available,43.98,45.98,high,low,10,namecheap,,,16/09/2026 18:11
c36a9b71-d573-4a04-bf24-f84754ef4bbb,function.navy,available,41.99,41.99,high,low,8,namesilo,,,
1a3b05b3-a816-4d8d-a36f-8113f1055ebd,volar.navy,available,41.99,41.99,medium,low,5,namesilo,,,05/09/2026 00:00
7fa63c69-e04f-4f80-baea-f5566257995f,fatah.navy,available,43.98,45.98,medium,low,5,namecheap,,,18/09/2026 00:27
40c67155-f684-4a6b-8974-4d2d4309ccd6,morton.navy,available,41.99,41.99,high,low,6,namesilo,,,25/09/2026 05:58
80a6c5ab-d65d-420b-9086-a73acc8c8da7,horned.navy,available,41.99,41.99,high,low,6,namesilo,,,21/08/2026 14:04
8108443b-4390-48e5-b97c-2a24de18ffc2,enlightenment.navy,available,41.99,41.99,high,low,13,namesilo,,,
2b6b4807-3b5a-4e13-a2ed-7c31925e4682,tuskegee.navy,available,41.99,41.99,high,low,8,namesilo,,,28/09/2026 15:29
476e2a40-d7f9-4b85-89b9-87ad44cca2a0,achaean.navy,available,41.99,41.99,medium,low,7,namesilo,,,
ff9977bc-0098-4248-9cab-6f54d35ede75,deco.navy,available,41.99,41.99,high,low,4,namesilo,,,20/09/2026 09:50
f5a9f8ed-7134-4aeb-89e6-b7be7b52717b,fraudulent.navy,available,42.99,52.99,medium,low,10,name.com,,,13/08/2026 21:10
33af705b-6883-40e3-9d68-099f697e72f3,venice.navy,available,33.32,33.32,high,low,6,spaceship,,,28/09/2026 03:15
3c106020-98e1-4113-9ecc-a415322e5ec1,beatniks.navy,available,43.98,45.98,medium,low,8,namecheap,,,22/09/2026 21:34
9a5cb216-4ef3-4b84-8d24-f0f5e9a0ff47,alaskan.navy,available,41.99,41.99,high,low,7,namesilo,,,
a20cfcc4-619c-4dc1-ab76-86a093bfa744,memphis.navy,premium,118.8,118.8,high,low,7,namesilo,,,28/09/2026 06:24
ca2a5f93-36ae-4260-bb58-9b352fd1350c,roving.navy,available,41.99,41.99,high,low,6,namesilo,,,25/08/2026 02:22
4d586b20-fa12-4585-b4c6-0016b3f3aa43,doll.navy,available,41.99,41.99,high,low,4,namesilo,,,25/09/2026 04:37
ae1a32ab-de11-4702-acd5-7533ec4d089c,unsized.navy,available,43.98,45.98,low,low,7,namecheap,,,12/09/2026 20:00
29648599-1847-454d-8a6f-52a7d5c5bdd7,wandering.navy,available,43.98,45.98,high,low,9,namecheap,,,25/09/2026 21:06
3f2cf0b7-a67f-4339-b82e-d9a02fcf385e,generated.navy,available,41.99,41.99,medium,low,9,namesilo,,,19/09/2026 12:09
ddcb6f0b-40b3-41d1-9392-d8afce63b06d,haul.navy,available,33.32,33.32,high,low,4,spaceship,,,27/09/2026 12:17
defde72d-bd54-40a5-b1ad-10388b58de5e,flower.navy,available,43.98,45.98,high,low,6,namecheap,,,24/09/2026 20:16
2673e303-1c6f-4d20-a5df-5cbcc41d5e4d,cop.navy,available,41.99,41.99,high,low,3,namesilo,,,20/09/2026 09:05
375bf47e-fe02-4798-b92e-99e0be3573ef,boldface.navy,available,41.99,41.99,high,low,8,namesilo,,,10/08/2026 17:43
c7c9273d-5779-4ed3-85eb-a10d6d9db3f7,vastly.navy,available,41.99,41.99,high,low,6,namesilo,,,15/09/2026 01:56
8d02af56-e629-457c-8926-f773eb6c3995,mysteries.navy,available,41.99,41.99,high,low,9,namesilo,,,28/09/2026 17:32
643b63cf-bb42-49b8-8654-faa52bcdf100,unspoilt.navy,available,41.99,41.99,medium,low,8,namesilo,,,12/09/2026 07:10
aa2b12d9-fe54-4ca2-8978-edcc426d3e70,fool.navy,available,41.99,41.99,medium,low,4,namesilo,,,12/08/2026 15:15
4c1bb006-9243-4e52-bec6-04025c4f3416,cruz.navy,available,41.99,41.99,high,low,4,namesilo,,,25/09/2026 11:52
471ead7e-db94-40c8-bb53-8a846f2c4cd5,led.navy,available,41.99,41.99,high,low,3,namesilo,,,
ac6da51a-14ea-4cc7-a77d-0056563354cc,catechu.navy,available,43.98,45.98,medium,low,7,namecheap,,,16/09/2026 20:04
089e5375-5701-43f6-bc03-6f56741b015b,just.navy,available,41.99,41.99,high,medium,4,namesilo,,,24/09/2026 14:47
b6aa4705-f5f3-4cd1-a1e1-401eae8c36c2,umpire.navy,available,43.98,45.98,medium,low,6,namecheap,,,20/09/2026 00:47
af62713f-ebdf-43b0-b99e-3df6e59d4d19,renascent.navy,available,41.99,41.99,high,low,9,namesilo,,,09/09/2026 13:55
07b4aba4-c6b8-4e5a-9850-15424ef2f472,neoliberal.navy,available,41.99,41.99,high,low,10,namesilo,,,03/09/2026 15:23
52e68995-88d0-4d8d-859b-c7fcae472c46,opened.navy,available,41.99,41.99,high,low,6,namesilo,,,04/09/2026 16:13
60da1518-7e9c-4f52-8d65-c28bf3c5cb0a,execute.navy,available,33.32,33.32,high,low,7,spaceship,,,27/09/2026 16:26
a369b5e7-3ca2-4bee-b4e0-e44610222548,reaction.navy,available,43.98,45.98,high,low,8,namecheap,,,24/09/2026 14:16
6f9ac770-a6b9-4488-be42-36ac91dd5a23,granted.navy,available,41.99,41.99,high,low,7,namesilo,,,24/09/2026 22:19
d639f747-e040-4e46-a7c0-c12ea9d5cd31,argiope.navy,available,41.99,41.99,medium,low,7,namesilo,,,20/09/2026 04:25
a21f42f6-fe3d-4fbe-a440-c446d3afade2,dryness.navy,available,43.98,45.98,high,low,7,namecheap,,,24/09/2026 22:51
be41bdbe-c532-4b17-b060-4aed1e9916d5,stearns.navy,available,33.32,33.32,medium,low,7,spaceship,,,28/09/2026 12:25
75e3db59-dac3-4965-a4b1-bed284a0523f,inches.navy,available,41.99,41.99,low,low,6,namesilo,,,25/09/2026 20:47
94da5c44-6d1c-4adf-b5f7-eebd1f46dc30,baseless.navy,available,41.99,41.99,medium,low,8,namesilo,,,08/08/2026 21:44
1cb197de-fd9e-403f-8513-249383c90e4f,robe.navy,available,32.2,32.2,high,low,4,cloudflare,,,28/09/2026 06:41
5f8bcc62-8591-4049-a48c-0b2b07835d45,flexibly.navy,available,43.98,45.98,medium,low,8,namecheap,,,14/09/2026 18:58
80004a31-5ae9-4d66-8364-58722d4e649a,acyclovir.navy,available,42.99,52.99,medium,low,9,name.com,,,17/09/2026 05:41
6a8319f4-0be8-4cd8-9d0c-953af6df1561,drastic.navy,available,42.99,52.99,high,low,7,name.com,,,14/08/2026 18:27
cb5ad92a-e1c7-4198-8479-8ba1d61f709a,bugged.navy,available,41.99,41.99,medium,low,6,namesilo,,,23/09/2026 10:21
b77fbe0c-7a39-493a-92ed-fa42f2357c0e,jacobs.navy,available,32.2,32.2,high,low,6,cloudflare,,,28/09/2026 20:14
341bfc0e-93fb-4e67-92fa-b97ad3c4167f,clumsy.navy,available,41.99,41.99,medium,low,6,namesilo,,,23/09/2026 11:20
55168afe-9ff3-4a2b-8f0f-cfe03848568d,archival.navy,available,41.99,41.99,medium,low,8,namesilo,,,06/08/2026 15:53
fb4f3b72-370d-48ef-9133-708df00df780,sidelong.navy,available,41.99,41.99,medium,low,8,namesilo,,,07/08/2026 03:26
135e290c-b9b0-4a67-8c22-240a313b08a5,insignificant.navy,available,41.99,41.99,medium,low,13,namesilo,,,
f313d9af-cb83-4b7c-b0c0-088690d82615,shouting.navy,available,41.99,41.99,high,low,8,namesilo,,,12/08/2026 03:49
8e13711c-cecf-4018-8105-0a74174cfda5,stallion.navy,available,41.99,41.99,high,low,8,namesilo,,,24/09/2026 14:09
fbb56970-25ba-40cb-9236-266f2bf68319,front.navy,available,41.99,41.99,high,low,5,namesilo,,,24/09/2026 21:48
e4e37614-ac04-45f6-b842-fa3524907cdb,circulation.navy,available,33.32,33.32,medium,low,11,spaceship,,,28/09/2026 08:15
2304e74e-32ad-4b81-967a-a94ae1bb90c3,nightmare.navy,available,41.99,41.99,high,low,9,namesilo,,,
8ad832af-3cf2-4bc9-9596-76e1220817ba,bead.navy,available,34.27,34.27,high,low,4,dynadot,,,29/09/2026 01:38
588033f6-fb53-41fc-ae18-3b97f68ceab1,cavalry.navy,available,33.32,33.32,high,low,7,spaceship,,,28/09/2026 09:16
1355e111-ba06-43f9-8cfd-94cf2147e0f8,sinful.navy,available,41.99,41.99,medium,low,6,namesilo,,,22/08/2026 05:27
6e2437ee-c1dc-44d5-adb4-ff9a432b50ec,birdie.navy,available,41.99,41.99,high,low,6,namesilo,,,23/09/2026 20:41
f631f272-8327-4814-874b-bb3a6b575401,powdery.navy,available,41.99,41.99,medium,low,7,namesilo,,,18/08/2026 04:39
312fb0c3-ae79-4d94-b834-920f6d72fea6,antipode.navy,available,41.99,41.99,medium,low,8,namesilo,,,19/09/2026 14:58
bc7273db-675d-4d6f-9a50-6bc1e7bcbbf6,tracked.navy,available,34.27,34.27,high,low,7,dynadot,,,28/09/2026 09:27
a70f5d90-1937-43d6-b4af-511094f484da,arbovirus.navy,available,41.99,41.99,medium,low,9,namesilo,,,20/09/2026 00:52
464f0b9b-58b4-4cf4-8e87-751bcc9d1b21,hideous.navy,available,41.99,41.99,medium,low,7,namesilo,,,21/08/2026 08:13
9662b7b2-7d89-4e5d-9e3c-57ee289b7d68,examination.navy,available,32.2,32.2,high,low,11,cloudflare,,,27/09/2026 21:26
b043ab2a-b789-4ff1-b4e7-3dd3681cefd6,highlighting.navy,available,41.99,41.99,high,low,12,namesilo,,,
3fdb3dd7-a05c-4e87-ace2-8f7866b6f8ee,pleasure.navy,available,41.99,41.99,high,low,8,namesilo,,,
de14a210-3a72-4835-8b57-3e9bf282ccd2,duty.navy,available,41.99,41.99,high,low,4,namesilo,,,
ab1b59e5-66b0-4bd7-8e7b-7fb78f57240d,glum.navy,available,41.99,41.99,medium,low,4,namesilo,,,20/08/2026 14:57
65885f28-10db-4056-87fa-b14455917183,olfactive.navy,available,41.99,41.99,medium,low,9,namesilo,,,04/09/2026 02:13
587046d0-9c15-4f2a-a47d-37aa2193bc82,italian.navy,available,41.99,41.99,high,low,7,namesilo,,,22/08/2026 11:36
07ae2b14-f82f-4651-bd1d-dcc0f7a9d748,shiloh.navy,available,43.98,45.98,high,low,6,namecheap,,,22/09/2026 15:39
c32a3d57-4e3f-4892-8cfa-59009ad9599f,aegir.navy,available,41.99,41.99,medium,low,5,namesilo,,,14/08/2026 22:18
3e665342-8bab-4e41-9ce3-218a41b1ff0b,nighted.navy,available,41.99,41.99,low,low,7,namesilo,,,09/08/2026 14:33
faa0b01a-b401-46cd-83f4-17cbed60d148,programmed.navy,available,41.99,41.99,high,low,10,namesilo,,,28/09/2026 12:27
195326a8-11ca-46ae-bb1c-934225cd7098,motherly.navy,available,41.99,41.99,high,low,8,namesilo,,,25/08/2026 07:06
4a15f42f-1c17-4e0b-8c86-26986c1190b9,unadorned.navy,available,41.99,41.99,medium,low,9,namesilo,,,11/09/2026 23:54
feee0c33-6af5-4479-912b-d35e474ad2ab,scandent.navy,available,41.99,41.99,medium,low,8,namesilo,,,09/09/2026 22:32
65eabd8a-44ab-480e-8886-87e87f1f2b32,nicky.navy,available,41.99,41.99,high,low,5,namesilo,,,
3a67ef96-4d67-4424-b1e1-2d7591b2149e,maladroit.navy,available,41.99,41.99,medium,low,9,namesilo,,,24/08/2026 13:35
a1aba7d4-c0ac-4343-ae7a-3efd974e68c4,vagabond.navy,available,42.99,52.99,high,low,8,name.com,,,14/08/2026 19:16
1ad736ef-e12e-49aa-b825-82ad1d2e564f,helical.navy,available,41.99,41.99,medium,low,7,namesilo,,,12/08/2026 16:11
2dff7679-4803-4f3e-ba1b-a246415fed3d,nostril.navy,available,41.99,41.99,high,low,7,namesilo,,,19/09/2026 12:54
e94ddf85-2f65-4c32-bf02-fa8630310d8f,silken.navy,available,41.99,41.99,high,low,6,namesilo,,,09/09/2026 21:43
d0cee22d-2565-40bf-bed9-c9fa0eed127e,dahna.navy,available,41.99,41.99,medium,low,5,namesilo,,,19/09/2026 23:21
1158aab6-6195-415b-816d-be98f31b7e7e,russell.navy,available,41.99,41.99,high,low,7,namesilo,,,16/09/2026 13:01
42e38371-3363-4bc9-8446-5f4776aef17d,reversed.navy,available,41.99,41.99,high,low,8,namesilo,,,27/09/2026 14:11
599f450f-ec34-4526-827b-dce0459b58b2,cornflower.navy,available,41.99,41.99,high,low,10,namesilo,,,21/09/2026 14:08
9588eb96-0165-425e-b269-cc6d831ce959,fluency.navy,available,41.99,41.99,high,low,7,namesilo,,,20/09/2026 11:19
3da10bc0-bc93-488c-8e30-7d81ac559b6f,redden.navy,available,41.99,41.99,medium,low,6,namesilo,,,13/08/2026 06:34
cbee0408-9028-47be-9311-2549c304f97f,attacks.navy,available,41.99,41.99,high,low,7,namesilo,,,27/09/2026 02:47
9451d18c-8f64-4c7d-9ad9-e0382a0cc01e,eminent.navy,available,41.99,41.99,high,low,7,namesilo,,,16/08/2026 15:06
491fdba3-3ee7-44a7-a36e-532e02992e04,norman.navy,available,42.99,52.99,high,low,6,name.com,,,03/09/2026 21:18
c0069b07-b932-473a-ab9a-d069d9c46775,hub.navy,available,42.99,,high,medium,3,name.com,,,
182311f6-0533-42c7-bca7-e065c19598d6,borrow.navy,available,41.99,41.99,high,low,6,namesilo,,,
f079ec14-6322-48ca-90f8-32f45670276d,vanity.navy,available,34.27,34.27,high,low,6,dynadot,,,28/09/2026 21:03
6d1529cd-630f-415d-847f-36af7cfac056,gangster.navy,available,41.99,41.99,medium,low,8,namesilo,,,28/09/2026 09:51
da0bb5ba-b0c2-481f-a5e1-14a117f9dc48,muck.navy,available,41.99,41.99,medium,low,4,namesilo,,,25/09/2026 00:13
e4eb1dea-6b72-4f75-88ae-cb101330c54f,bengali.navy,available,41.99,41.99,medium,low,7,namesilo,,,09/08/2026 14:29
409c73fb-ba62-466c-bf49-5c02b6a1d8ae,epiphyte.navy,available,41.99,41.99,medium,low,8,namesilo,,,17/09/2026 13:14
5d656570-8bb4-4275-9739-794c853b2b2d,arcade.navy,available,41.99,41.99,high,low,6,namesilo,,,20/09/2026 01:36
4cda792d-31a3-4965-9a7f-fd5f49bcdbf4,kinky.navy,available,41.99,41.99,high,low,5,namesilo,,,17/08/2026 22:20
33fdcc78-077e-4e60-94f7-0143feb75e1f,mantle.navy,available,32.2,32.2,medium,low,6,cloudflare,,,28/09/2026 18:42
375a0e12-ef28-4f78-a4d3-9333b4260591,antelope.navy,available,41.99,41.99,high,low,8,namesilo,,,19/09/2026 12:50
9fe25c14-c510-4fd3-9209-8ecffee98978,carleton.navy,available,41.99,41.99,high,low,8,namesilo,,,25/09/2026 15:18
f9ee826d-fd4d-4592-ab62-3d76f26ceba3,manly.navy,available,41.99,41.99,high,low,5,namesilo,,,24/08/2026 14:44
85065daa-98fb-4694-93ed-6a6d341b0225,snooty.navy,available,42.99,52.99,medium,low,6,name.com,,,09/08/2026 20:39
af605892-3f46-4895-b322-e3d916b29156,corners.navy,available,33.32,33.32,low,low,7,spaceship,,,28/09/2026 08:44
36546fd7-44d3-45aa-bd74-7e8c998c0569,einstein.navy,available,43.98,45.98,high,low,8,namecheap,,,28/09/2026 20:04
eda7d652-6ffa-4882-b63d-862d21f99698,aeneas.navy,available,43.98,45.98,medium,low,6,namecheap,,,17/09/2026 12:27
7054409d-3694-4ddd-bdfb-5b6507406976,baden.navy,available,41.99,41.99,medium,low,5,namesilo,,,25/09/2026 13:59
67fbeac5-f4fe-4178-8112-6b7a106cadd9,callable.navy,available,41.99,41.99,medium,low,8,namesilo,,,11/08/2026 14:26
dfa25542-4702-419f-82a2-898618815653,eolic.navy,available,41.99,41.99,low,low,5,namesilo,,,17/09/2026 12:36
dac45371-d953-4c6c-873b-476dcd01f519,neurotic.navy,available,41.99,41.99,medium,low,8,namesilo,,,03/09/2026 16:23
33e12c5d-18ea-4942-997c-a1ebf4f88e5e,unalike.navy,available,41.99,41.99,medium,low,7,namesilo,,,12/09/2026 00:26
6fad4059-158a-465e-831f-c06c62c09bbe,saudi.navy,available,41.99,41.99,high,low,5,namesilo,,,09/09/2026 21:58
6b7fae75-e0dd-4d75-ad48-e6f76127dc71,amateur.navy,available,34.27,34.27,high,low,7,dynadot,,,29/09/2026 03:23
d70abeee-7565-4001-a460-6bccdf72e432,infra.navy,available,41.99,41.99,high,low,5,namesilo,,,15/09/2026 08:17
2a11217e-4cbf-4ac2-b4ab-e4cfa7356586,avocado.navy,available,41.99,41.99,high,low,7,namesilo,,,22/09/2026 14:34
10bdba8c-20dc-47b6-b6ef-715e299a8ef7,dorsal.navy,available,41.99,41.99,high,low,6,namesilo,,,
79a37dc8-7741-4534-82a0-979109717c67,supplied.navy,available,41.99,41.99,medium,low,8,namesilo,,,
1fd85406-9038-4c23-ade3-0e76fffc006d,hilary.navy,available,33.32,33.32,medium,low,6,spaceship,,,28/09/2026 21:53
714ecc7b-1f26-4f4d-a6ba-fbf55a7f108c,stealing.navy,available,41.99,41.99,medium,low,8,namesilo,,,11/09/2026 13:24
c3e36291-3e87-46d4-9497-4c877084b3cc,aerialist.navy,available,42.99,52.99,medium,low,9,name.com,,,17/09/2026 12:50
30b17885-48f2-4de8-bfd6-d0b17c361179,civic.navy,available,41.99,41.99,high,low,5,namesilo,,,12/08/2026 09:01
a7e9939a-3935-4e3d-9f5b-a4364396ff1d,citizens.navy,available,43.98,45.98,high,low,8,namecheap,,,18/09/2026 15:13
ceee8442-167f-46a0-a897-f09f4ba24d1b,deary.navy,available,42.99,52.99,medium,low,5,name.com,,,13/08/2026 18:21
c11f1cc7-c313-4a1b-9ca1-3a95ec57e3ed,francesca.navy,available,41.99,41.99,high,low,9,namesilo,,,
b8efdd4c-79d6-4b96-bb02-a75272a034cc,sprawl.navy,available,41.99,41.99,medium,low,6,namesilo,,,10/09/2026 16:41
ac98b9e7-28ed-491a-a891-54b8e4c59013,garish.navy,available,41.99,41.99,medium,low,6,namesilo,,,18/08/2026 06:35
e43f69e1-b92e-4ce1-b0bd-86fc2b1a0f33,acrylate.navy,available,41.99,41.99,medium,low,8,namesilo,,,17/09/2026 04:05
ea152991-3354-4997-a72d-2f0e52aa8ed3,worthwhile.navy,available,33.32,33.32,high,low,10,spaceship,,,28/09/2026 11:04
5ccd99e7-2854-419d-a3d1-7f9450aa8811,obscurely.navy,available,41.99,41.99,medium,low,9,namesilo,,,15/09/2026 17:13
9153bca9-9b40-4b5b-8ec5-b3246149119d,laplace.navy,available,32.2,32.2,medium,low,7,cloudflare,,,29/09/2026 01:32
052d5ba5-a977-4fc7-b4c4-9e69753c08fe,occurrence.navy,available,43.98,45.98,high,low,10,namecheap,,,25/09/2026 23:56
f1fbfa2f-a8e1-436e-bed4-204d7ffde8a3,tutu.navy,available,41.99,41.99,high,low,4,namesilo,,,21/09/2026 22:53
7efbc5df-e839-4581-8a51-f5599aa5a473,traction.navy,available,33.32,33.32,high,low,8,spaceship,,,28/09/2026 18:33
c3829fd6-6dcf-49c4-9e4d-376b495a29a5,rna.navy,available,41.99,41.99,high,low,3,namesilo,,,25/09/2026 10:20
a957e61c-a105-490d-af7f-6e5313d91309,godown.navy,available,41.99,41.99,medium,low,7,namesilo,,,
a2585130-cffb-4ea1-9bce-b5c5324e4440,reality.navy,available,41.99,41.99,high,low,7,namesilo,,,26/09/2026 00:09
7dbe5d7a-f771-4739-bc39-d980ad046343,languorous.navy,available,42.99,52.99,medium,low,10,name.com,,,22/08/2026 18:05
4671bd6c-22ab-4773-bb88-7a720b4df980,rubinstein.navy,available,41.99,41.99,medium,low,10,namesilo,,,19/09/2026 15:30
658f757a-e986-48c1-9065-a16f13ea666c,patron.navy,available,43.98,45.98,high,low,6,namecheap,,,28/09/2026 14:14
61902fc7-bdae-4f0a-96f4-6ecb8f144107,odds.navy,available,41.99,41.99,high,low,4,namesilo,,,23/09/2026 11:46
5f2f8b5b-e43e-4af2-bdd1-a74107b0e18b,flour.navy,available,33.32,33.32,high,low,5,spaceship,,,28/09/2026 14:13
2bbbc90f-6c4a-453f-aa9b-e5d5d6db1989,graphite.navy,available,41.99,41.99,high,low,8,namesilo,,,24/09/2026 01:02
4db11486-841f-4995-be6e-1f217b0a9912,vicinity.navy,available,32.2,32.2,high,low,8,cloudflare,,,28/09/2026 19:41
87e8c097-e164-4ccb-b7cd-2bd597c9c656,anti.navy,available,41.99,41.99,high,low,4,namesilo,,,
dbeffcc1-4a09-4f23-90ee-5ab822335c89,for.navy,available,41.99,41.99,high,medium,3,namesilo,,,
cae1848a-c3e3-4138-bc8c-f6f67c59bc19,augend.navy,available,41.99,41.99,medium,low,6,namesilo,,,21/09/2026 03:16
66e901fc-92cb-4eeb-a2a7-c2ae9eec184a,bedpost.navy,available,41.99,41.99,high,low,7,namesilo,,,22/09/2026 23:29
ba1455ef-2672-40fa-b332-7cc3f682e76f,bioassay.navy,available,43.98,45.98,medium,low,8,namecheap,,,23/09/2026 17:38
d6a9ec5f-168a-4ae5-8cd3-cdd7904fe1d4,aspect.navy,available,41.99,41.99,high,low,6,namesilo,,,28/09/2026 22:41
f9ec7590-be25-4e36-a667-e2d2343f6fa8,lovingness.navy,available,42.99,52.99,high,low,10,name.com,,,11/08/2026 19:18
ddf991cb-056b-46c8-b017-45ee971840d7,ajaia.navy,available,41.99,41.99,medium,low,5,namesilo,,,17/09/2026 23:39
4b2e9c7d-211c-4f6e-b693-3dff1e960637,cfr.navy,available,33.32,33.32,medium,low,3,spaceship,,,28/09/2026 11:55
8763cd8b-f27a-401b-8a77-468f85ead002,sinuous.navy,available,41.99,41.99,medium,low,7,namesilo,,,10/09/2026 08:38
897dc13e-9c0f-4764-8a8d-54e7dc276d04,aim.navy,available,41.99,41.99,high,medium,3,namesilo,,,25/09/2026 10:01
9ad62d44-7df5-4c80-9312-ad63af268663,creaky.navy,available,41.99,41.99,medium,low,6,namesilo,,,06/08/2026 22:59
0cec631f-f92f-43c6-8cd7-eb24bd101e78,realizable.navy,available,41.99,41.99,high,low,10,namesilo,,,21/09/2026 15:51
b4a5e90d-5cc4-4820-89d5-68efedfec0a2,pain.navy,available,41.99,41.99,high,low,4,namesilo,,,
08652628-1986-497c-ac18-c1516b0cddaf,aqualung.navy,available,41.99,41.99,high,low,8,namesilo,,,19/09/2026 22:54
388f1dd8-efec-4ea0-8881-91109a397d69,superman.navy,available,41.99,41.99,high,low,8,namesilo,,,29/09/2026 00:15
643d6d17-bbfc-4545-9e62-6154edbfa35d,alga.navy,available,41.99,41.99,high,low,4,namesilo,,,18/09/2026 06:47
287c36d4-b826-4071-bbe5-8411e5d52bcb,tao.navy,available,41.99,41.99,high,low,3,namesilo,,,11/09/2026 08:13
47781a1c-8e80-4a8c-ba47-0aef0baed351,loaned.navy,available,41.99,41.99,medium,low,6,namesilo,,,17/09/2026 16:26
67389b17-396a-4369-8049-3a465bcd915e,hotly.navy,available,41.99,41.99,medium,low,5,namesilo,,,14/09/2026 23:58
fd214d6e-7a26-4662-a370-bff21e4dd943,ensemble.navy,available,41.99,41.99,high,low,8,namesilo,,,16/09/2026 09:22
b20ab990-1058-47b8-9be8-22a9cbb8d390,coleman.navy,available,41.99,41.99,high,low,7,namesilo,,,25/09/2026 15:48
96408157-3f67-47de-a59c-124d90aee38f,portsmouth.navy,available,41.99,41.99,high,low,10,namesilo,,,25/09/2026 10:02
9f4b14f7-c2a8-4e5a-a096-a4d2b71fbe86,integrated.navy,available,41.99,41.99,high,low,10,namesilo,,,25/09/2026 08:05
9d5448cc-5cea-46e5-a37b-4130cab5021f,loos.navy,available,41.99,41.99,medium,low,4,namesilo,,,17/09/2026 09:32
561d6166-d13c-4730-ac31-6703317453b0,gainful.navy,available,41.99,41.99,medium,low,7,namesilo,,,18/08/2026 19:30
0088a02b-392b-4a7e-b0df-a8247a9407c1,disassemble.navy,available,41.99,41.99,medium,low,11,namesilo,,,
ea8f15f7-8983-4e46-8e01-605f74e13632,overactive.navy,available,41.99,41.99,medium,low,10,namesilo,,,21/08/2026 16:42
95bf78e0-2119-4a35-a8f6-dc43cfe0e674,beechwood.navy,available,42.99,52.99,medium,low,9,name.com,,,23/09/2026 00:14
1125dda2-b921-4f9c-b9e4-6b0248663e45,craven.navy,available,41.99,41.99,medium,low,6,namesilo,,,13/08/2026 05:27
e5cf4480-3a36-45db-b804-77f7b1d67aef,wagram.navy,available,43.98,45.98,high,low,6,namecheap,,,22/09/2026 16:18
ff643e2c-7096-4b8a-a26d-9284ed9d4964,lid.navy,available,41.99,41.99,high,low,3,namesilo,,,24/09/2026 13:43
0863a0f3-5147-4867-aadf-d8a8319265d9,brothel.navy,available,43.98,45.98,medium,low,7,namecheap,,,21/09/2026 18:15
772622f8-6774-4b0b-ad65-dd7ef0ff45f9,boring.navy,available,41.99,41.99,high,low,6,namesilo,,,23/09/2026 00:20
24312ac2-8e3c-4304-ba46-510707f7d2f3,observable.navy,available,41.99,41.99,high,low,10,namesilo,,,03/09/2026 23:59
6746208d-75e7-4324-a461-2c49ba296fa8,patty.navy,available,34.27,34.27,high,low,5,dynadot,,,28/09/2026 20:09
afa5fc5b-a1c2-42bb-a353-97af22bb0379,attosecond.navy,available,41.99,41.99,medium,low,10,namesilo,,,21/09/2026 02:11
4a402132-e3e3-481a-8090-8d4760c6602f,adelie.navy,available,41.99,41.99,medium,low,6,namesilo,,,17/09/2026 07:17
2d19208b-379b-4382-925b-f6d376ec52c8,experiencing.navy,available,41.99,41.99,high,low,12,namesilo,,,28/09/2026 13:20
ce548325-35d0-4dac-96e0-c411ecb4d138,nix.navy,available,41.99,41.99,high,low,3,namesilo,,,03/09/2026 22:30
bc208785-ab88-44e6-b73e-f706bbe3a810,travelable.navy,available,43.98,45.98,medium,low,10,namecheap,,,11/09/2026 19:05
2e45e785-ec39-40ed-ab55-d1292da3bd7d,sacking.navy,available,43.98,45.98,medium,low,7,namecheap,,,21/09/2026 18:04
c4f6262e-2358-49be-8fe2-d921527a63af,bequest.navy,available,42.99,52.99,high,low,7,name.com,,,23/09/2026 09:04
84f0b57c-17fb-420a-94eb-d202817493ec,confronted.navy,available,33.32,33.32,low,low,10,spaceship,,,28/09/2026 23:23
2eed4a2b-0fb7-4ade-89b1-9121fe170349,adenoma.navy,available,43.98,45.98,medium,low,7,namecheap,,,17/09/2026 07:30
6b680bf0-5ac8-4c74-b0ff-328073842dbc,emulator.navy,available,41.99,41.99,medium,low,8,namesilo,,,19/09/2026 16:28
d93a95f1-a6c8-47a4-8435-d1dcdb43515f,quickset.navy,available,43.98,45.98,medium,low,8,namecheap,,,09/09/2026 08:43
55331035-fd4e-4821-8026-37a8957512bf,umbrellas.navy,available,41.99,41.99,medium,low,9,namesilo,,,18/09/2026 22:52
da6471bf-7769-4ee9-9bec-2d4cb24cd0b5,aspartame.navy,available,41.99,41.99,medium,low,9,namesilo,,,20/09/2026 14:43
0dcf47a9-8192-4689-bdf5-3583b5c679ec,funds.navy,available,41.99,41.99,high,low,5,namesilo,,,
d05b9b60-ca02-482d-a559-1363bc17ea62,rented.navy,available,41.99,41.99,medium,low,6,namesilo,,,17/09/2026 18:45
d6f07ea4-b7a9-4b9b-b23c-b513ad1b7934,breeding.navy,available,41.99,41.99,high,low,8,namesilo,,,11/08/2026 03:36
d887b069-8d3d-4a37-b128-1c2cc013a8a1,throws.navy,available,41.99,41.99,medium,low,6,namesilo,,,19/09/2026 00:51
66076e44-980c-4045-9eba-c264910ffc43,quiescent.navy,available,43.98,45.98,medium,low,9,namecheap,,,09/09/2026 08:47
496dd81a-9aaa-481b-8db8-60fe0288d614,flame.navy,available,43.98,45.98,high,low,5,namecheap,,,24/09/2026 19:16
0f77ae26-64bc-4bb5-ad27-6e116141faa5,aphonic.navy,available,41.99,41.99,medium,low,7,namesilo,,,05/08/2026 23:17
14ea7534-9424-4407-be60-4980734e1e1a,invertible.navy,available,41.99,41.99,medium,low,10,namesilo,,,22/08/2026 09:00
ef2e4202-4ea0-4742-81c5-ee0a37b572a7,albula.navy,available,41.99,41.99,high,low,6,namesilo,,,18/09/2026 03:24
e77d5bab-3825-4ca7-9e45-5e20bb846d5e,padded.navy,available,41.99,41.99,high,low,6,namesilo,,,13/08/2026 11:57
afe24fc6-11bd-492d-a330-d1eba11f62dd,concord.navy,available,41.99,41.99,high,low,7,namesilo,,,16/09/2026 22:58
e5fd5e12-e7fb-4de4-83f9-45ce1a417b55,militant.navy,available,42.99,52.99,high,low,8,name.com,,,
e92d37db-a3bc-4a38-90d0-9dc2bf905845,mismatched.navy,available,41.99,41.99,medium,low,10,namesilo,,,25/08/2026 01:36
b3c46792-57a7-4bb4-9abd-7111ba7033dc,surfing.navy,available,33.32,33.32,high,low,7,spaceship,,,29/09/2026 02:15
cd54c7e4-3fb2-4860-93ed-815eb0cfc702,utility.navy,available,41.99,41.99,high,low,7,namesilo,,,19/09/2026 06:04
57576491-0018-49fa-80bf-90715f8a24ce,sanctions.navy,available,41.99,41.99,medium,low,9,namesilo,,,20/09/2026 01:56
14550d5f-17b0-4d49-a4a7-34524265dd89,carnegie.navy,available,41.99,41.99,high,low,8,namesilo,,,19/09/2026 04:42
3c311cd7-a80f-4394-8438-aacdb4ab622a,accrued.navy,available,41.99,41.99,medium,low,7,namesilo,,,
c23d4677-3351-4dcc-8e45-0f1fffa93f52,hypnotic.navy,available,41.99,41.99,high,low,8,namesilo,,,21/08/2026 17:07
75006c45-49f0-4e28-9245-965c3138f004,salon.navy,available,43.98,45.98,high,low,5,namecheap,,,22/09/2026 22:23
ed38a8bf-acfd-4eca-95c3-5914d1c7e6b9,auriferous.navy,available,41.99,41.99,medium,low,10,namesilo,,,22/09/2026 13:02
f3e5a846-1657-4ccc-aa13-940199f3944a,subsurface.navy,available,41.99,41.99,high,low,10,namesilo,,,11/09/2026 00:52
801baf50-f3b1-4a7e-a7e9-61931fec2522,nurses.navy,available,41.99,41.99,medium,low,6,namesilo,,,28/09/2026 08:12
eba96a82-b9cb-48e8-9e73-3e79bf23eabb,mightily.navy,available,41.99,41.99,medium,low,8,namesilo,,,24/08/2026 22:45
8680d832-c47a-4365-a0cf-f000a7cf883c,bakshis.navy,available,41.99,41.99,medium,low,7,namesilo,,,21/09/2026 15:54
819585b6-2bc6-49a1-9def-5ee636361d9d,fooling.navy,available,41.99,41.99,high,low,7,namesilo,,,18/08/2026 10:35
91bed894-f9f4-40b3-9b06-6e9cbdc9245f,assignor.navy,available,41.99,41.99,medium,low,8,namesilo,,,20/09/2026 16:27
fd42ae71-7852-4b2f-a312-ebae3690135f,amblyopia.navy,available,41.99,41.99,medium,low,9,namesilo,,,18/09/2026 17:11
846c469d-125a-436f-a558-7a8affd78554,copycat.navy,available,41.99,41.99,high,low,7,namesilo,,,19/09/2026 16:27
0d3d69ca-dc84-4114-9eea-bdca0b786643,gangling.navy,available,42.99,52.99,medium,low,8,name.com,,,18/08/2026 20:08
8beb79b6-bd33-43fa-9cd3-9b3094958d77,laura.navy,available,41.99,41.99,high,low,5,namesilo,,,
4fdf3699-5d07-4bcc-b801-993e57bc0833,particle.navy,available,43.98,45.98,high,low,8,namecheap,,,24/09/2026 18:19
5be6e028-c7f7-4e6b-a8a0-2ff9dcdaaf80,harmony.navy,available,41.99,41.99,high,low,7,namesilo,,,
eec93f2f-4110-4716-b26b-182953294593,chatterer.navy,available,41.99,41.99,high,low,9,namesilo,,,21/09/2026 12:24
b783d21c-564f-4489-a13a-ec508058e7b4,fuckster.navy,available,41.99,41.99,medium,low,8,namesilo,,,
ab96fd98-9709-4bc8-a251-fce072599ccf,flying.navy,available,41.99,41.99,high,low,6,namesilo,,,24/09/2026 17:17
a5f01bb7-1c6b-4ff1-9bb8-b7b628c5a4f8,detailing.navy,available,41.99,41.99,high,low,9,namesilo,,,
6aeb081d-fc1a-4f56-8dca-f5d59c7d64b1,pupil.navy,available,32.2,32.2,high,low,5,cloudflare,,,28/09/2026 09:33
934142f6-db7e-49c8-bdb7-5a961aa33755,entangle.navy,available,41.99,41.99,medium,low,8,namesilo,,,24/08/2026 16:54
06a3987c-7bbe-4f4b-b865-31be67a85e6a,sombre.navy,available,41.99,41.99,medium,low,6,namesilo,,,10/09/2026 14:02
0815e62a-4e8c-4cb4-8fa5-66ded926a236,circuitous.navy,available,41.99,41.99,medium,low,10,namesilo,,,12/08/2026 08:18
45f5b065-e083-4568-89a8-4818b3f1a82b,headache.navy,available,41.99,41.99,high,low,8,namesilo,,,24/09/2026 13:37
c14f2d09-3cbc-408e-a7a5-54c6b8bbc73f,paris.navy,available,41.99,41.99,high,low,5,namesilo,,,24/09/2026 12:17
63f1158f-dd6e-43e9-87fb-4aa9a97cb6fb,hirsch.navy,available,41.99,41.99,high,low,6,namesilo,,,27/09/2026 07:27
8d91aae4-c87f-4b47-bf25-1df918e6b889,dustbin.navy,available,41.99,41.99,medium,low,7,namesilo,,,20/09/2026 13:42
30239e25-095f-4977-aa66-8c191e694e3b,shit.navy,available,43.98,45.98,high,medium,4,namecheap,,,22/09/2026 18:05
074d913d-9c62-4765-a5f0-80b46cdb49d9,intensely.navy,available,41.99,41.99,high,low,9,namesilo,,,15/09/2026 08:54
9e18fad5-94f6-40fe-bfcd-44e24f0d63e2,osmium.navy,available,41.99,41.99,medium,low,6,namesilo,,,20/09/2026 23:48
6079509e-cee3-4af0-945b-2f3115f3da52,alienator.navy,available,41.99,41.99,medium,low,9,namesilo,,,18/09/2026 07:36
a025a41b-fdce-492f-bab1-d0fabe66a2cc,disclosure.navy,available,34.27,34.27,high,low,10,dynadot,,,27/09/2026 13:47
56cd7e41-9be0-4d37-9586-0fc659c7d73b,balzac.navy,available,41.99,41.99,medium,low,6,namesilo,,,22/09/2026 00:32
fe959a86-a375-40c3-a6a1-5c94434684e7,unpackaged.navy,available,41.99,41.99,medium,low,10,namesilo,,,12/09/2026 16:23
0aebf9ad-ed7b-4356-af58-413a7c33bdda,revocation.navy,available,42.99,52.99,medium,low,10,name.com,,,19/09/2026 11:02
3b4c74f6-e590-403c-ad50-376462b6cedf,horne.navy,available,34.27,34.27,high,low,5,dynadot,,,27/09/2026 14:08
8d1fddad-b1a0-4e02-9a46-27268f92c5df,anabolic.navy,available,41.99,41.99,high,low,8,namesilo,,,
36b6720d-72a3-4d6c-810a-3ebc19635384,laureate.navy,available,42.99,52.99,high,low,8,name.com,,,22/08/2026 20:57
f410dc0d-33b4-4309-bd84-dcdfd351192d,ahimsa.navy,available,43.98,45.98,high,low,6,namecheap,,,17/09/2026 20:23
f5b6d278-7b76-4ea7-939a-de22e05ed2a4,acropolis.navy,available,43.98,45.98,high,low,9,namecheap,,,17/09/2026 03:57
5b1ae8ea-6534-49f7-be18-26076bb7aa11,oscillations.navy,available,33.32,33.32,low,low,12,spaceship,,,28/09/2026 12:58
efa5e00e-f005-4d71-ba96-b2dcc11da1d4,antrum.navy,available,43.98,45.98,medium,low,6,namecheap,,,19/09/2026 15:46
9e7df451-d71e-409f-884e-7875021eb231,buddy.navy,available,41.99,41.99,high,low,5,namesilo,,,
3169d967-e871-4204-994d-c2fcb95b1f13,pariah.navy,available,43.98,45.98,medium,low,6,namecheap,,,04/09/2026 19:07
2abb6b18-ac5c-4985-a2bc-2c9a571563a1,comma.navy,available,41.99,41.99,high,low,5,namesilo,,,24/09/2026 16:27
fc40fee5-5c96-445b-af09-472cbe01cff9,alexia.navy,available,43.98,45.98,medium,low,6,namecheap,,,18/09/2026 06:04
9020f76f-6b96-4d48-b896-1af4b0c20ddf,behmen.navy,available,41.99,41.99,medium,low,6,namesilo,,,23/09/2026 03:43
26953739-f518-4af0-a626-e654d2c699da,yawning.navy,available,41.99,41.99,high,low,7,namesilo,,,13/09/2026 14:18
0d7b7e9b-dc17-454f-8573-49d41401098f,offerings.navy,available,41.99,41.99,medium,low,9,namesilo,,,18/09/2026 10:39
39756366-6d4f-4e1d-b0d6-d5e9af921941,madness.navy,available,41.99,41.99,high,low,7,namesilo,,,27/09/2026 04:07
a39dcbee-c97a-4bcb-9efe-dc37dd8eb04f,fruitcake.navy,available,41.99,41.99,medium,low,9,namesilo,,,10/09/2026 00:13
034a0ad4-cbe0-42d7-a903-3a4cb2fb92d6,stellate.navy,available,41.99,41.99,medium,low,8,namesilo,,,09/09/2026 09:34
66bfefac-b88f-4650-a20b-bc5d2a0d524a,sides.navy,available,41.99,41.99,medium,low,5,namesilo,,,17/09/2026 23:26
823c29f2-d57b-4283-a8f1-28cfc0fc71c0,cropped.navy,available,41.99,41.99,medium,low,7,namesilo,,,13/08/2026 07:53
04c61790-2c28-4632-ba06-b41be8aa925d,zigzag.navy,available,41.99,41.99,high,low,6,namesilo,,,13/08/2026 05:04
76db45d5-c460-401b-9f95-dea24ba2cf9b,arcanum.navy,available,41.99,41.99,high,low,7,namesilo,,,20/09/2026 01:37
444c72ce-d82f-4bca-819f-6eabc9e40e0b,tangled.navy,available,41.99,41.99,medium,low,7,namesilo,,,11/09/2026 07:59
5e63df19-7b23-4c6c-8cd1-c49e43255ea8,aztecan.navy,available,41.99,41.99,high,low,7,namesilo,,,21/09/2026 11:37
1ab4340d-0f99-4baf-9655-90004c199702,formless.navy,available,41.99,41.99,medium,low,8,namesilo,,,
f03f200d-7338-4eb5-802f-ec6487435f0b,deeds.navy,available,32.2,32.2,high,low,5,cloudflare,,,27/09/2026 12:56
d417b5f9-a1fe-4ac4-992e-97211ae72a24,panipat.navy,available,41.99,41.99,medium,low,7,namesilo,,,22/09/2026 15:36
eb967cee-7e59-4094-a466-3c3f4de3632c,neither.navy,available,41.99,41.99,medium,low,7,namesilo,,,03/09/2026 15:18
fc1845fd-2957-4495-9288-722c25eb2422,effortless.navy,available,41.99,41.99,high,low,10,namesilo,,,15/08/2026 16:21
c82cca27-9edd-4168-af74-a80cfed99efb,stargazer.navy,available,43.98,45.98,high,low,9,namecheap,,,20/09/2026 18:07
5f65c067-113e-4e9a-9ad5-1d531edf1aeb,loan.navy,available,41.99,41.99,high,low,4,namesilo,,,25/09/2026 09:02
6aa2feb5-d68c-460b-8d54-e541f5334d10,andy.navy,available,41.99,41.99,high,medium,4,namesilo,,,25/09/2026 12:45
da0efe7c-353e-43d7-9916-7cd9fc29877b,airfield.navy,available,41.99,41.99,high,low,8,namesilo,,,17/09/2026 23:09
cce792f4-5652-4e4f-90b5-7340ad44b43f,mutable.navy,available,41.99,41.99,medium,low,7,namesilo,,,12/08/2026 01:50
667f69a1-b149-4d44-b77c-485b51889f6e,beater.navy,available,43.98,45.98,high,low,6,namecheap,,,22/09/2026 21:38
67848c80-27cf-4eb0-a2ff-bb50894d97b3,merger.navy,available,33.32,33.32,high,low,6,spaceship,,,28/09/2026 20:49
7e7c27d6-e0ea-410e-bb64-7181c172ed9b,tameable.navy,available,41.99,41.99,medium,low,8,namesilo,,,11/09/2026 07:38
a75d2187-b8cb-4258-86d5-a16963d7714b,arachnoid.navy,available,41.99,41.99,medium,low,9,namesilo,,,06/08/2026 11:41
43ad707f-4ca9-4adf-a5cb-c14f8a526af0,blaring.navy,available,41.99,41.99,medium,low,7,namesilo,,,10/08/2026 13:08
0aa2113c-0dcb-461e-b2ce-deaed7ca3a65,authorised.navy,available,43.98,45.98,high,low,10,namecheap,,,22/09/2026 13:51
bb190498-42e5-4fa3-88f3-ead580c78b64,isaiah.navy,available,41.99,41.99,high,low,6,namesilo,,,24/09/2026 06:53
7b2581b0-313f-4b55-9df8-9ab609c13717,teaspoons.navy,available,41.99,41.99,medium,low,9,namesilo,,,19/09/2026 22:48
8ba8cca2-5449-4b9c-afd1-dee58b812b78,cheaper.navy,available,41.99,41.99,low,low,7,namesilo,,,28/09/2026 08:27
9f6fb1db-476b-47e0-b88c-47428209bf8d,aroid.navy,available,41.99,41.99,medium,low,5,namesilo,,,06/08/2026 11:30
6936ac5b-3043-4eb9-8b1b-daf7c1c1612d,racehorse.navy,available,43.98,45.98,high,low,9,namecheap,,,22/09/2026 01:58
57c7c6d8-5f11-486d-b36a-70c91da0b6d4,rosen.navy,available,41.99,41.99,medium,low,5,namesilo,,,26/09/2026 03:15
b6db1a66-47f5-4f35-83a6-68c927989cff,nazi.navy,available,41.99,41.99,medium,low,4,namesilo,,,03/09/2026 13:40
34cd32a4-f0aa-4666-bec9-28c163401ed5,heroin.navy,available,41.99,41.99,medium,low,6,namesilo,,,24/09/2026 22:03
ef5137a2-9db0-474a-9a8e-fdd64aef48fb,florentine.navy,available,41.99,41.99,high,low,10,namesilo,,,18/08/2026 08:58
29e905ec-1efb-45b1-9cee-b52f523cf51e,bailey.navy,available,42.99,52.99,high,low,6,name.com,,,21/09/2026 19:05
b97f9983-9434-4dbc-a196-2efd50acae55,brimful.navy,available,41.99,41.99,medium,low,7,namesilo,,,11/08/2026 04:08
dc8004c7-6e16-4e7b-a9c3-f538cdc637f3,architrave.navy,available,43.98,45.98,medium,low,10,namecheap,,,20/09/2026 02:17
449a9cf3-055a-46cb-8745-2333bd3474ca,devours.navy,available,43.98,45.98,low,low,7,namecheap,,,21/09/2026 08:47
6dac5eda-06a9-48e7-8b54-4e17076216d0,kanawha.navy,available,33.47,33.47,medium,low,7,porkbun,,,29/09/2026 01:29
19abce43-0c75-4aaf-b0ce-7f390e72e8fd,adorned.navy,available,41.99,41.99,high,low,7,namesilo,,,
98c9253c-6671-48ae-bd27-90c6a1e3c8cf,trussed.navy,available,41.99,41.99,medium,low,7,namesilo,,,11/09/2026 15:47
20f031b8-102e-4d74-a3eb-2ebf201d7dc3,jaded.navy,available,41.99,41.99,medium,low,5,namesilo,,,22/08/2026 11:58
0b5c448b-19ea-407b-b04f-4a88367f542e,aneroid.navy,available,41.99,41.99,medium,low,7,namesilo,,,
142969f3-140e-4956-ae5d-6685d66bd012,satiate.navy,available,41.99,41.99,high,low,7,namesilo,,,09/09/2026 14:28
6d5e14ff-ce5d-4014-ab58-dcd765a6dd0a,appearances.navy,available,41.99,41.99,low,low,11,namesilo,,,28/09/2026 23:35
1a7c4fee-e3c3-446e-8335-9145e851c820,electric.navy,available,43.98,45.98,high,low,8,namecheap,,,24/09/2026 13:44
c2d7d67c-1ede-41e2-98fa-f2f5c267f84e,salzburg.navy,available,41.99,41.99,high,low,8,namesilo,,,28/09/2026 03:02
9f4cf90e-8ac8-44df-b7f8-2ef34bf070f4,emmet.navy,available,41.99,41.99,medium,low,5,namesilo,,,19/09/2026 12:15
a169d049-a3ac-40f6-89c6-9f2854216a82,lammas.navy,available,41.99,41.99,medium,low,6,namesilo,,,21/09/2026 03:43
49568152-9797-46da-91ad-05b1a6b36451,patience.navy,available,41.99,41.99,high,low,8,namesilo,,,25/09/2026 06:07
4b21323d-4ae8-4c4c-99d1-d458321b23f6,assignment.navy,available,41.99,41.99,high,low,10,namesilo,,,19/09/2026 21:59
fc5e7f69-2402-4ddf-9f8d-40ac217233f2,curd.navy,available,43.98,45.98,medium,low,4,namecheap,,,24/09/2026 20:24
d7de4623-38cb-48fc-afbe-7709eb93bd0d,celery.navy,available,41.99,41.99,high,low,6,namesilo,,,19/09/2026 17:33
3eff8dbc-9030-4833-a4a2-853198057b6b,jeremy.navy,available,43.98,45.98,high,low,6,namecheap,,,27/09/2026 10:46
fe1e23e7-8e94-45e7-8455-90b2db860946,immoderate.navy,available,42.99,52.99,medium,low,10,name.com,,,21/08/2026 21:07
797b2b90-1ba5-4768-95d2-eaea14d4657a,married.navy,available,41.99,41.99,high,low,7,namesilo,,,25/09/2026 16:47
592d505b-9768-497c-bba0-73ed7ee8a11d,ugh.navy,available,41.99,41.99,medium,low,3,namesilo,,,
8bb494fa-b43e-4b5d-bf8e-3bf1dc34a28d,inchoate.navy,available,41.99,41.99,medium,low,8,namesilo,,,22/08/2026 01:16
59cef8c8-0a3e-47ba-aec7-1a3d5036d748,angelical.navy,available,43.98,45.98,medium,low,9,namecheap,,,22/09/2026 04:27
d2bcd6cf-8bf3-43a2-a8a5-4b3e1053e321,typed.navy,available,41.99,41.99,high,low,5,namesilo,,,17/09/2026 22:44
d5583417-89c6-47a6-bdac-2690a39c4bcd,definable.navy,available,41.99,41.99,medium,low,9,namesilo,,,13/08/2026 23:28
cb96e31c-a66d-4db8-80ae-1016ad6d33e5,valid.navy,available,33.32,33.32,high,low,5,spaceship,,,28/09/2026 10:05
971595e9-d700-46ce-89bd-36f14e09b551,conformity.navy,available,41.99,41.99,high,low,10,namesilo,,,16/09/2026 15:32
8768b1d3-8a20-426f-9d4a-0e6bd9ef0349,stamford.navy,available,41.99,41.99,high,low,8,namesilo,,,25/09/2026 16:33
7753b5e2-ad5b-416f-b8db-9d5729ab1291,outlets.navy,available,41.99,41.99,medium,low,7,namesilo,,,21/09/2026 06:33
215926e5-6632-4d7e-a647-be5ace0f707b,pram.navy,available,41.99,41.99,high,low,4,namesilo,,,21/09/2026 13:20
46663a26-094d-45b4-baad-4f3cd901e367,weddings.navy,available,43.98,45.98,high,low,8,namecheap,,,20/09/2026 01:47
87dc01b4-31ee-41d0-b0e9-fb38cb3d158a,luxury.navy,available,41.99,41.99,high,low,6,namesilo,,,
fb204cf7-a622-4189-921c-6c32dd482b39,asteroidea.navy,available,41.99,41.99,high,low,10,namesilo,,,20/09/2026 17:14
1fdcb5c1-6e66-4e62-85f5-cc9abdf15ef4,slapstick.navy,available,41.99,41.99,high,low,9,namesilo,,,10/09/2026 10:03
01992396-380f-4030-b49c-e4bcd8f6eb2c,figure.navy,available,41.99,41.99,high,low,6,namesilo,,,24/09/2026 16:50
8eae151d-0e8a-4e5a-97c4-927c9794c924,ephesian.navy,available,41.99,41.99,medium,low,8,namesilo,,,17/08/2026 10:24
97d6a9ab-19b2-48e5-8fb9-b4c195b7eed5,expedite.navy,available,41.99,41.99,high,low,8,namesilo,,,
e09092d8-399c-4e0f-bdf1-8cafdfaf0630,defaults.navy,available,41.99,41.99,low,low,8,namesilo,,,21/09/2026 07:23
14418b9b-6d06-4184-be69-0a49badacd37,whorled.navy,available,41.99,41.99,medium,low,7,namesilo,,,12/08/2026 16:18
e2c4d385-1497-4a5d-b074-50e4d650fb15,participating.navy,available,42.99,,medium,low,13,name.com,,,
91ef9bff-eb8e-48f0-ac6e-9f41dab77f57,mitchell.navy,available,41.99,41.99,high,low,8,namesilo,,,20/09/2026 11:03
b0829542-839c-4658-8186-155dff8c2c26,unstoppable.navy,available,42.99,,high,low,11,name.com,,,
ba34739f-9714-4610-a919-0ef38c8d75ed,town.navy,available,41.99,41.99,high,low,4,namesilo,,,
fb54123e-36c5-4ee5-8329-3ba59d4146ff,arcuate.navy,available,41.99,41.99,medium,low,7,namesilo,,,06/08/2026 14:49
3f39941c-cbbc-4406-baae-d9025ffe0da0,adjunct.navy,available,41.99,41.99,high,low,7,namesilo,,,
49dd1ac9-650d-4d00-a91b-a256e7332532,lawful.navy,available,42.99,52.99,high,low,6,name.com,,,22/08/2026 21:21
7813d6f4-0a1b-47c1-8706-00c2b2bab225,buttercup.navy,available,41.99,41.99,high,low,9,namesilo,,,24/09/2026 11:18
fa54ea09-a91a-4f6f-b15b-4cca11f07d14,annulus.navy,available,41.99,41.99,medium,low,7,namesilo,,,19/09/2026 03:40
0439b6fa-ddb8-4b36-8529-98866f661a9c,africa.navy,available,41.99,41.99,high,medium,6,namesilo,,,17/09/2026 15:15
659c7a1a-545e-4b40-a3e3-aaabeda7c749,completed.navy,available,41.99,41.99,high,low,9,namesilo,,,23/09/2026 17:22
5f3b9179-1e15-4a22-b1bf-539a3603dc65,cooks.navy,available,43.98,45.98,medium,low,5,namecheap,,,29/09/2026 04:38
0fbea7b9-a9ab-4a6e-8e44-98143b9ff7dd,visibly.navy,available,41.99,41.99,medium,low,7,namesilo,,,16/09/2026 11:04
336df1a3-55c3-4675-b73e-0aea1bd59dd8,posters.navy,available,41.99,41.99,medium,low,7,namesilo,,,
d6022f46-f22f-4871-a775-f4005a451116,traffic.navy,available,42.99,,high,low,7,name.com,,,
552613e9-9d59-440e-99bb-d0bad4d1651e,coyote.navy,available,41.99,41.99,high,low,6,namesilo,,,28/09/2026 13:37
e47a7c3a-1ba4-4f87-af22-dd9a50cab7cc,respecting.navy,available,42.99,,medium,low,10,name.com,,,
4c500750-a621-46c5-ae7d-13e966e2e64d,kalamazoo.navy,available,32.2,32.2,high,low,9,cloudflare,,,28/09/2026 02:12
3c15d15c-5da3-419b-846a-c895009382f0,minimum.navy,available,43.98,45.98,high,low,7,namecheap,,,25/09/2026 20:24
56335892-60f7-41c0-b192-6e79e1c808dd,britton.navy,available,34.27,34.27,medium,low,7,dynadot,,,28/09/2026 12:10
0d056194-92ba-4386-b616-394084a395d5,purchasing.navy,available,41.99,41.99,high,low,10,namesilo,,,24/09/2026 11:23
a8ac06cc-3668-4d37-a179-14d44c9faa8b,bleacher.navy,available,43.98,45.98,medium,low,8,namecheap,,,24/09/2026 05:15
9507ac51-8ed5-4deb-a985-fef21b00f0b4,gossipy.navy,available,42.99,52.99,medium,low,7,name.com,,,20/08/2026 17:09
06cb16bf-0b0d-4c5c-bffe-6154dcdfd0d3,bestowal.navy,available,41.99,41.99,medium,low,8,namesilo,,,23/09/2026 10:39
2d493ecb-8539-468a-a431-9acf316cbc18,jarring.navy,available,41.99,41.99,medium,low,7,namesilo,,,22/08/2026 12:26
1e1aa32e-0b1d-4fa8-90ce-71ed6941a8bb,nonlethal.navy,available,41.99,41.99,high,low,9,namesilo,,,03/09/2026 19:40
9aaf688f-9b4c-4585-8b3f-244874ec5320,fatty.navy,available,41.99,41.99,high,low,5,namesilo,,,17/08/2026 23:52
f38db749-3641-4251-a6f1-c5fcd3b422cd,sonorous.navy,available,41.99,41.99,high,low,8,namesilo,,,10/09/2026 14:13
fbc896c1-37dc-4121-80c8-b61c8a16ee47,ideal.navy,available,41.99,41.99,high,low,5,namesilo,,,25/09/2026 07:17
7e044f55-4978-40a4-a16b-365df6504a77,rabbi.navy,available,43.98,45.98,high,low,5,namecheap,,,28/09/2026 15:11
7be5644c-cef1-4e04-b6c9-1bd4281c79e3,adjuvant.navy,available,41.99,41.99,medium,low,8,namesilo,,,
4438d421-7180-49de-844c-46c308a57565,bolts.navy,available,41.99,41.99,medium,low,5,namesilo,,,18/09/2026 04:01
9f12850c-21e1-4208-902a-8fb6783e3a3f,find.navy,available,32.2,32.2,high,medium,4,cloudflare,,,29/09/2026 04:04
0836a85e-5361-4c58-8bd6-f7bb0eea6ead,becalm.navy,available,41.99,41.99,medium,low,6,namesilo,,,10/09/2026 19:38
919c12b9-2714-4849-a69f-2b312e5014d0,dancing.navy,available,41.99,41.99,high,low,7,namesilo,,,25/09/2026 04:44
9a9418bc-61c1-4a7c-a62d-eb3977ef752e,domestic.navy,available,41.99,41.99,high,low,8,namesilo,,,19/09/2026 12:54
9c1e54b8-a5e3-4dc0-83f7-79b71e1c543c,responsive.navy,available,41.99,41.99,high,low,10,namesilo,,,22/09/2026 06:49
3f5f6aa0-6113-42b8-95c1-d78de8ecab28,torturing.navy,available,41.99,41.99,medium,low,9,namesilo,,,
e4146327-f270-4b56-8ba7-176f5e1cd5da,readably.navy,available,41.99,41.99,medium,low,8,namesilo,,,14/09/2026 11:08
273e3d78-bd40-4a13-88eb-90f701a8c8c9,sate.navy,available,41.99,41.99,medium,low,4,namesilo,,,09/09/2026 14:30
1dd7e3f0-0b48-4afd-b633-7c64fc92b6b4,nonionic.navy,available,43.98,45.98,medium,low,8,namecheap,,,03/09/2026 19:33
33590c65-0acf-4545-9752-81b637107b42,pillowcase.navy,available,42.99,,medium,low,11,name.com,,,
98b8172d-23a7-48c6-9c28-06d6e1a2ecd8,wrestle.navy,available,34.27,34.27,high,low,7,dynadot,,,29/09/2026 01:07
570fdd2c-e90c-486b-9f36-6a8cbd0fbb32,luis.navy,available,43.98,45.98,high,low,4,namecheap,,,25/09/2026 14:41
6ba8e60e-55cd-458a-a09f-a60fee1e897c,potty.navy,available,41.99,41.99,high,low,5,namesilo,,,16/08/2026 21:14
53a70514-f236-4505-9310-0060c77a5fe2,toby.navy,available,33.32,33.32,high,low,4,spaceship,,,28/09/2026 03:08
91ba06c2-d8c4-4aca-9ac4-5f6b98d66656,warmed.navy,available,41.99,41.99,high,low,6,namesilo,,,13/09/2026 08:22
ece94371-096d-4359-8450-8a84889568d0,simulated.navy,available,41.99,41.99,high,low,9,namesilo,,,28/09/2026 03:46
f4ef9b34-c85e-4901-a336-8c7fdb97e6fb,dickie.navy,available,41.99,41.99,medium,low,6,namesilo,,,14/08/2026 06:30
6bf8f4dd-13cb-4744-9dda-15fdf07c2575,mccarthy.navy,available,41.99,41.99,high,low,8,namesilo,,,25/09/2026 08:04
a1d97424-dba3-49b4-908a-27e84aadde69,rhodesian.navy,available,41.99,41.99,high,low,9,namesilo,,,09/09/2026 16:41
00e31812-303c-49eb-a04e-25febb5198bd,cabbage.navy,available,33.32,33.32,high,low,7,spaceship,,,29/09/2026 03:24
27019312-8ca8-411d-b760-fcc800ae7332,witty.navy,available,41.99,41.99,high,low,5,namesilo,,,28/09/2026 10:42
f923a7b4-8b5b-46c6-99ec-6e81b5c29f54,scrimmage.navy,available,41.99,41.99,high,low,9,namesilo,,,22/09/2026 16:24
183ca9d1-8da8-4109-9b18-8765efda7e2e,hunker.navy,available,41.99,41.99,medium,low,6,namesilo,,,10/09/2026 17:39
c596a4c6-5bc1-4c32-97e1-ba0287b82df3,jake.navy,available,43.98,45.98,high,medium,4,namecheap,,,25/09/2026 12:03
24bd6ea0-0ad1-461d-8891-de4674b310df,cleave.navy,available,41.99,41.99,medium,low,6,namesilo,,,24/09/2026 15:43
fb970084-5b4b-41c9-901b-10257fb3fec7,pitch.navy,available,41.99,41.99,high,low,5,namesilo,,,21/09/2026 02:42
ba51469c-b6c7-45f4-99f9-1fb3dbae17a2,unhappiness.navy,available,42.99,,medium,low,11,name.com,,,
bd2d7f2f-1bcb-4faa-92ba-aed5f7ee98e6,ionian.navy,available,41.99,41.99,high,low,6,namesilo,,,22/08/2026 09:28
879c8435-aa55-4b41-9552-84758a0cff96,chinquapin.navy,available,41.99,41.99,medium,low,10,namesilo,,,18/09/2026 10:57
f337479f-323f-4021-a4ae-9e817beb731a,artaxerxes.navy,available,41.99,41.99,medium,low,10,namesilo,,,20/09/2026 10:06
692364cd-a84a-42b8-b5c6-d194c342f77b,distinct.navy,available,41.99,41.99,high,low,8,namesilo,,,12/08/2026 10:31
ff5822d3-1ace-4e5a-bf5f-6921650b1c3b,penguin.navy,available,33.32,33.32,high,medium,7,spaceship,,,28/09/2026 10:42
5a7baf69-acf5-4ef7-9d78-8ee10999ca98,regiment.navy,available,33.32,33.32,high,low,8,spaceship,,,28/09/2026 20:17
b059e6c4-1507-4f05-b385-722f40ca4293,coalescing.navy,available,41.99,41.99,medium,low,10,namesilo,,,12/08/2026 13:53
fe2f3691-6615-4b61-afcb-b2b5e722f1d0,torture.navy,available,42.99,52.99,high,low,7,name.com,,,11/09/2026 18:03
5ffc7e0a-0235-441e-87db-0b67a73f2521,barbuda.navy,available,43.98,45.98,medium,low,7,namecheap,,,22/09/2026 05:04
98bfacb8-d350-467a-8f72-431062fb2c4e,exquisite.navy,available,42.99,52.99,high,low,9,name.com,,,17/08/2026 18:54
efd21bb1-72aa-4d46-87c8-cb32718cc3f7,mission.navy,available,41.99,41.99,high,medium,7,namesilo,,,
33b35d18-b6f9-4450-a9d3-321230bce5d5,moderne.navy,available,41.99,41.99,medium,low,7,namesilo,,,25/08/2026 03:00
d54fd981-cd04-40ec-83f5-9aada1ee3c6b,abridged.navy,available,41.99,41.99,high,low,8,namesilo,,,
1fcba947-8b14-42e5-8926-98afe72a8d49,collateral.navy,available,41.99,41.99,high,low,10,namesilo,,,12/08/2026 16:42
c3fcaec2-14b8-4c3d-8f0b-cdab88683c61,uncles.navy,available,41.99,41.99,medium,low,6,namesilo,,,20/09/2026 08:48
285915fc-8ffe-4fe2-8d41-46198731db31,conciliate.navy,available,41.99,41.99,high,low,10,namesilo,,,18/08/2026 22:04
c07270b7-6714-4296-9935-e67c764a0d5f,learnedly.navy,available,41.99,41.99,medium,low,9,namesilo,,,14/09/2026 16:04
a3c232fc-117d-454f-a0c3-937c40cc45cf,eyestrain.navy,available,43.98,45.98,medium,low,9,namecheap,,,20/09/2026 17:21
6f03a557-675b-4995-a2cf-a8957fb31c2c,snaky.navy,available,41.99,41.99,medium,low,5,namesilo,,,10/09/2026 04:47
b5dd07d7-066b-4e6e-9174-3329a203c278,libber.navy,available,41.99,41.99,medium,low,6,namesilo,,,18/08/2026 01:03
c5f3cc08-0c10-4d96-a665-fc2107a1c3bf,arouet.navy,available,41.99,41.99,medium,low,6,namesilo,,,20/09/2026 08:30
ed6e29c9-bd6c-4176-ba65-cabdf724e39d,gratifying.navy,available,41.99,41.99,high,low,10,namesilo,,,17/08/2026 09:19
21266be7-80b8-4f11-afbe-5e66b1a5a5be,sleeveless.navy,available,41.99,41.99,medium,low,10,namesilo,,,10/08/2026 19:41
57012277-eeac-4b09-88d5-8fc540d9babb,stood.navy,available,41.99,41.99,medium,low,5,namesilo,,,
b9437633-a346-4279-bf79-b6c03eecc343,backrest.navy,available,42.99,52.99,medium,low,8,name.com,,,21/09/2026 15:47
edf875a5-1d57-4109-8bb7-b29e00157340,case.navy,available,41.99,41.99,high,low,4,namesilo,,,
c75fc195-581d-4408-8a3f-40cfdb9bd66e,stupe.navy,available,41.99,41.99,medium,low,5,namesilo,,,10/09/2026 23:06
303c2bf5-0aa1-4526-ba29-3f6ebf2fb3e0,promotion.navy,premium,854,854,high,low,9,namesilo,,,28/09/2026 18:56
81b2d275-9070-4d67-96b3-33561ba19cb9,arisaema.navy,available,43.98,45.98,medium,low,8,namecheap,,,20/09/2026 05:35
86259cbe-89f4-4690-a4fd-c12875806826,prices.navy,available,41.99,41.99,medium,low,6,namesilo,,,
7ceb78cd-a55c-4560-a521-64ba282bfa8a,elmira.navy,available,33.32,33.32,medium,low,6,spaceship,,,28/09/2026 16:42
4d878a27-84ed-4c96-b4b3-531df5a8fddf,chemistry.navy,available,33.32,33.32,high,low,9,spaceship,,,28/09/2026 12:10
d626fc32-bba2-4b89-b181-24478170dd35,birdbrain.navy,available,41.99,41.99,medium,low,9,namesilo,,,17/09/2026 07:04
7721e245-5ff3-441c-9063-8b177973abf8,armory.navy,available,43.98,45.98,high,low,6,namecheap,,,20/09/2026 07:31
c1497399-aafd-4347-818e-8255a7986abe,pending.navy,available,41.99,41.99,high,low,7,namesilo,,,27/09/2026 03:20
559fa904-a14a-4a2b-b861-ea67c01c32cf,honorific.navy,available,41.99,41.99,medium,low,9,namesilo,,,21/08/2026 13:32
74b63199-d02c-406f-8ad1-98e7c466881a,lucidly.navy,available,41.99,41.99,medium,low,7,namesilo,,,15/09/2026 12:12
c0b1fbf5-a4de-42f4-9de9-9273a1dcce63,wheel.navy,available,41.99,41.99,high,low,5,namesilo,,,27/09/2026 03:13
851ddd7e-68c4-4539-b917-9db934716f3b,inhumane.navy,available,41.99,41.99,medium,low,8,namesilo,,,22/08/2026 05:17
b909ddba-5b93-4d00-8e80-18d95288e249,czechoslovakia.navy,available,41.99,41.99,medium,low,14,namesilo,,,
2352c3d4-b15f-48c2-b566-c49b845da201,pamper.navy,available,33.32,33.32,high,low,6,spaceship,,,29/09/2026 00:06
75f962b5-0d08-414a-afe4-e086235b2082,crossroads.navy,available,42.99,,high,low,10,name.com,,,
b2c76e1c-7009-4c18-86e7-d0a79bf90826,votes.navy,available,41.99,41.99,high,low,5,namesilo,,,17/09/2026 13:26
90f0df83-4604-422f-8683-e3c532e19830,hired.navy,available,41.99,41.99,high,low,5,namesilo,,,12/08/2026 02:48
ad01e43f-a2e8-4fe2-b4dc-42c7bae25c62,standon.navy,available,41.99,41.99,medium,low,8,namesilo,,,
f9bdf489-e35e-4d36-8d54-2f30f326844f,stoppage.navy,available,41.99,41.99,medium,low,8,namesilo,,,20/08/2026 22:57
620e1916-0e28-4dcc-acd1-dcf0f81ddc55,pigweed.navy,available,41.99,41.99,medium,low,7,namesilo,,,18/09/2026 15:54
a13ba3b2-88b1-471b-802c-8444f7e39a06,couch.navy,available,42.99,52.99,high,low,5,name.com,,,24/09/2026 18:35
56a17417-d731-450e-952b-05f0333bcfa3,paperlike.navy,available,41.99,41.99,low,low,9,namesilo,,,12/08/2026 02:45
0d8360aa-f9df-4575-aefb-c628b1efb814,hawkins.navy,available,41.99,41.99,medium,low,7,namesilo,,,28/09/2026 09:24
ffb191af-f68d-46f5-832d-2a2187d194cd,agal.navy,available,41.99,41.99,medium,low,4,namesilo,,,17/09/2026 16:00
3ee55f65-a5fd-463e-bc9a-283ca1511652,repeated.navy,available,43.98,45.98,high,low,8,namecheap,,,27/09/2026 11:04
61109869-f13b-436e-93b6-094477665b59,pneumonia.navy,available,33.32,33.32,high,low,9,spaceship,,,28/09/2026 06:36
a7141e2c-9af8-40f4-a673-1aeff03142d0,report.navy,available,41.99,41.99,high,low,6,namesilo,,,
f8ee60c1-705f-4aa5-9c91-e9d693040470,prochoice.navy,available,43.98,45.98,high,low,10,namecheap,,,27/09/2026 06:48
642c7d9d-9f4a-4c34-a77c-e0814cbbd08b,ridicule.navy,available,41.99,41.99,medium,low,8,namesilo,,,24/09/2026 02:25
14bf7b3d-4db8-45d6-b418-70096749c39a,cumulous.navy,available,41.99,41.99,medium,low,8,namesilo,,,13/08/2026 10:30
b1a5a3b3-befb-493f-9926-869c0c30fa12,destinies.navy,available,41.99,41.99,high,low,9,namesilo,,,20/09/2026 07:12
efe2a0cd-a71b-4977-ba29-b56f0dbda4fb,wahoo.navy,available,43.98,45.98,medium,low,5,namecheap,,,16/09/2026 20:48
614fad80-d7e0-4dc5-8846-edf8549446b4,numerical.navy,available,41.99,41.99,medium,low,9,namesilo,,,03/09/2026 22:52
c6997eb5-bf00-4a0f-854f-651ee413735c,follicular.navy,available,41.99,41.99,medium,low,10,namesilo,,,18/08/2026 10:20
a8cfc88e-0ce0-4604-b3ae-0e92f15143b0,blissful.navy,available,41.99,41.99,high,low,8,namesilo,,,10/08/2026 14:33
a3825351-6032-409b-8bb2-2e25c90e3f98,cathedra.navy,available,43.98,45.98,medium,low,8,namecheap,,,23/09/2026 21:50
18199753-7454-444b-9457-bc8bc217bf7d,losers.navy,available,33.32,33.32,medium,low,6,spaceship,,,28/09/2026 04:59
19eecd1a-0ade-4488-bddd-b7464a7f1609,attempts.navy,available,41.99,41.99,medium,low,8,namesilo,,,18/09/2026 16:41
b1851590-8af9-494d-b930-028e61ca20e4,hannukah.navy,available,41.99,41.99,medium,low,8,namesilo,,,
d12ec459-b363-4de9-870c-d80469eaabea,yeats.navy,available,41.99,41.99,medium,low,5,namesilo,,,28/09/2026 15:32
65525d62-3041-4f2e-8f4f-0ef3dd310940,ungrateful.navy,available,41.99,41.99,medium,low,10,namesilo,,,11/09/2026 12:26
adb3d9dd-da4b-471f-b0fe-0ebf1cc20d3a,teutonic.navy,available,41.99,41.99,medium,low,8,namesilo,,,11/09/2026 12:13
cd388cec-f7b0-498f-b6eb-87dbd038e61a,hurting.navy,available,34.27,34.27,medium,low,7,dynadot,,,27/09/2026 14:14
47bf0a1a-2d0f-4a51-926c-695f01bcac05,failure.navy,available,41.99,41.99,high,low,7,namesilo,,,25/09/2026 22:41
6737b67f-4192-40e3-9a69-2791393d8054,onionskin.navy,available,41.99,41.99,medium,low,9,namesilo,,,18/08/2026 08:17
55406ae5-0cef-4898-b122-09a9f24ae2a0,adduct.navy,available,43.98,45.98,medium,low,6,namecheap,,,17/09/2026 07:09
f434d1a7-6b6e-4776-a476-4c7bae56929b,emblem.navy,available,33.32,33.32,high,low,6,spaceship,,,28/09/2026 02:43
927a50c5-c867-438e-9238-86c477decb2b,miffed.navy,available,,,medium,low,6,,,,
6d64548b-8969-4178-a6af-dcc41c8c437d,burn.navy,available,159.99,159.99,high,low,4,godaddy,,,28/09/2026 02:13
dff27ac5-6a92-47d0-a74b-1e449b537265,programs.navy,available,32.2,32.2,medium,low,8,cloudflare,,,28/09/2026 08:58
d7cdfba3-d629-46e5-a143-0a83e654c954,relieve.navy,available,41.99,41.99,high,low,7,namesilo,,,17/08/2026 17:04
f9b0addd-3955-4424-adf7-20aed639c5ea,activating.navy,available,41.99,41.99,high,low,10,namesilo,,,
718fa625-cd1f-4980-a4fb-b2ecd7ae6db9,outbound.navy,available,43.98,45.98,high,low,8,namecheap,,,04/09/2026 18:57
18cc3681-62c3-4e0b-a00e-a91d8f01f8a4,cyclopean.navy,available,42.99,52.99,medium,low,9,name.com,,,13/08/2026 13:51
77193d79-6fd1-4d33-8452-86276be83ba0,anderson.navy,available,41.99,41.99,high,medium,8,namesilo,,,19/09/2026 04:34
9b834dec-7cfb-4c61-b0eb-55591ccdeeb3,aardwolf.navy,available,41.99,41.99,medium,low,8,namesilo,,,19/09/2026 15:52
51d56ad7-567d-4db6-afb6-5486d78ac2ea,tire.navy,available,43.98,45.98,high,low,4,namecheap,,,25/09/2026 11:34
9241c0c2-f1ee-4f8c-b7bb-a40f6f946b01,aerolite.navy,available,41.99,41.99,medium,low,8,namesilo,,,17/09/2026 13:06
1510b4e7-bbcb-476e-8690-2feabb391b24,repairs.navy,available,33.32,33.32,medium,low,7,spaceship,,,28/09/2026 18:11
33aebdb4-7f39-4a74-bb3b-bfce7259a6ed,altissimo.navy,available,41.99,41.99,medium,low,9,namesilo,,,
61727e97-abb6-4e4c-8448-168273c97521,aziz.navy,available,32.2,32.2,high,low,4,cloudflare,,,28/09/2026 07:37
616be687-e901-4ae4-a15d-c61199fc6df3,couth.navy,available,41.99,41.99,medium,low,5,namesilo,,,13/08/2026 03:54
35a6fe40-3671-4d2b-b5e0-a4222efa4a16,kindled.navy,available,41.99,41.99,medium,low,7,namesilo,,,17/08/2026 09:33
7ec96c10-26ad-41f5-aab6-83e6d2ecd6e3,berber.navy,available,43.98,45.98,high,low,6,namecheap,,,23/09/2026 09:07
24d74b89-f12c-46bd-b0c1-f3e359441ef6,scythian.navy,available,41.99,41.99,medium,low,8,namesilo,,,10/09/2026 00:28
6217cbd7-1916-4670-b4c7-a8231a39a268,voracious.navy,available,41.99,41.99,medium,low,9,namesilo,,,15/08/2026 06:15
96d552c5-a158-4400-b8fb-e2daad600416,gdr.navy,available,41.99,41.99,high,low,3,namesilo,,,28/09/2026 07:11
07c60900-e145-4f6b-9691-eeb0dbbb9adc,pas.navy,available,32.2,32.2,high,low,3,cloudflare,,,29/09/2026 01:49
90eec756-4de5-43a4-9a65-423740a7482b,anole.navy,available,43.98,45.98,medium,low,5,namecheap,,,18/09/2026 19:28
66edf645-e440-4cb6-8626-cb80992bd033,amun.navy,available,43.98,45.98,medium,low,4,namecheap,,,18/09/2026 18:29
72b2b837-0ecb-47d4-b121-0801c7db67aa,fusty.navy,available,41.99,41.99,low,low,5,namesilo,,,18/08/2026 16:42
ea54ea4e-babd-4edc-bb49-d13df168c772,centennial.navy,available,41.99,41.99,high,low,10,namesilo,,,11/08/2026 23:53
7a56f20a-08dd-4626-9d0f-7654ca09428b,sporadic.navy,available,41.99,41.99,medium,low,8,namesilo,,,10/09/2026 16:29
d9e5d043-75d3-4d59-9a84-6580ec319b85,azotic.navy,available,41.99,41.99,medium,low,6,namesilo,,,08/08/2026 02:53
3fa71502-4f33-48a1-8642-254d828f7c8e,cardigan.navy,available,41.99,41.99,high,low,8,namesilo,,,24/09/2026 12:52
d1dcf7ce-94c4-47dc-bde2-4b167535d318,oaken.navy,available,41.99,41.99,medium,low,5,namesilo,,,03/09/2026 23:26
89f8c907-8431-4209-826e-a76a74d17729,gown.navy,available,32.2,32.2,high,low,4,cloudflare,,,28/09/2026 05:51
e25a10a7-7a9c-47b8-bad9-b1c3bee4c2c6,quaint.navy,available,41.99,41.99,high,low,6,namesilo,,,04/09/2026 01:55
6ff4ea8a-e27d-4580-9ed9-4056c1c385fc,vat.navy,available,41.99,41.99,high,low,3,namesilo,,,17/09/2026 05:53
36bad918-9877-48c2-917b-cb08a6bc30d7,tea.navy,premium,85.8,85.8,high,medium,3,namecheap,,,28/09/2026 20:57
ed7d66aa-f63a-4ac3-a863-12e2ac2be78a,allsorts.navy,available,41.99,41.99,low,low,9,namesilo,,,16/09/2026 05:53
1882900c-5585-42e2-b9d7-beec66b09db4,refuge.navy,available,43.98,45.98,high,low,6,namecheap,,,20/09/2026 18:32
b6c7b0e2-91e3-4f2e-b093-127000fd817b,bluewing.navy,available,41.99,41.99,medium,low,8,namesilo,,,19/09/2026 02:57
99cfe0d4-990b-4925-82ce-234eefa9cb85,bounce.navy,available,41.99,41.99,high,low,6,namesilo,,,23/09/2026 01:22
44b3c787-d680-4a9c-bdf9-814387e2ec88,boats.navy,available,41.99,41.99,high,low,5,namesilo,,,17/09/2026 16:33
1848f903-fbcc-4657-bb20-089f49bbb7ef,traps.navy,available,41.99,41.99,high,low,5,namesilo,,,20/09/2026 04:06
8a295448-a791-41b2-b985-3a7d38561dea,superhero.navy,available,42.99,52.99,high,low,9,name.com,,,16/09/2026 20:24
8234a0e8-1052-42be-bc3f-fd4fec95d8f0,technetium.navy,available,42.99,52.99,medium,low,10,name.com,,,20/09/2026 23:06
d1bb61f3-a96a-4cdc-8d7f-9e0cdfda2767,nora.navy,available,41.99,41.99,high,low,4,namesilo,,,25/09/2026 14:35
d8486ab0-8288-4c29-b853-3aaadbff3121,featherbed.navy,available,41.99,41.99,high,low,10,namesilo,,,21/09/2026 12:59
c36a4a6f-4767-4775-bcb4-385143e0c745,quentin.navy,available,41.99,41.99,medium,low,7,namesilo,,,27/09/2026 01:36
b0068d86-9a41-4a6e-b766-9eca8e140089,junoesque.navy,available,41.99,41.99,medium,low,9,namesilo,,,22/08/2026 14:31
963a7e50-d9ee-4bbd-bea0-8b870ac9ae3e,spoon.navy,available,41.99,41.99,high,low,5,namesilo,,,
f8be6f97-8e72-4ab8-9d8a-7c4502aa1a21,tenuous.navy,available,41.99,41.99,medium,low,7,namesilo,,,11/09/2026 11:41
83e4cd37-8ee1-41fb-be3f-fd10eb887c03,cage.navy,available,41.99,41.99,high,low,4,namesilo,,,22/09/2026 14:36
701517b9-20de-4634-b7c0-3a5c4f8f925d,christians.navy,available,41.99,41.99,medium,low,10,namesilo,,,16/09/2026 12:24
43f60fc7-d766-4ab8-8923-15fbc7796a46,sagacious.navy,available,43.98,45.98,high,low,9,namecheap,,,08/09/2026 18:02
1f6fb71c-361d-4708-9ddd-a72e06db182a,petition.navy,available,41.99,41.99,high,low,8,namesilo,,,28/09/2026 10:38
1695c4da-5392-488c-bd6c-de041a586004,needle.navy,available,32.2,32.2,high,low,6,cloudflare,,,28/09/2026 17:37
8a33e8d0-0697-4747-8ade-95a720d4007d,hypnagogic.navy,available,41.99,41.99,medium,low,10,namesilo,,,21/08/2026 17:03
d569b9ed-f83a-4006-895a-f0aba0cb77ab,statuary.navy,available,43.98,45.98,medium,low,8,namecheap,,,10/09/2026 19:16
61c8c8ae-ee8c-4d3e-95fd-b5aad3390036,staging.navy,available,33.32,33.32,high,low,7,spaceship,,,28/09/2026 20:22
f1f8740b-137e-476d-a469-0863911bd7df,nympho.navy,available,41.99,41.99,medium,low,6,namesilo,,,03/09/2026 23:18
3ea95a42-935f-4f52-a0bc-17c788bf5421,founded.navy,available,33.32,33.32,high,low,7,spaceship,,,28/09/2026 21:04
33434a37-0164-4585-8779-0ea297cea8a3,offers.navy,available,33.32,33.32,high,low,6,spaceship,,,27/09/2026 23:51
63397461-b210-4b7f-8451-9a4665fc2ea8,theocratic.navy,available,41.99,41.99,medium,low,10,namesilo,,,11/09/2026 12:52
b3565654-749e-49f4-b0d0-76e395a032ef,dimensions.navy,available,33.32,33.32,medium,low,10,spaceship,,,29/09/2026 04:43
36e1f67a-1500-4115-b57c-a77c100b9a4c,titular.navy,available,41.99,41.99,medium,low,7,namesilo,,,11/09/2026 16:32
9919a5b6-c29d-41bc-bac6-53f112fec235,wording.navy,available,41.99,41.99,high,low,7,namesilo,,,
49496053-4f3d-46a9-b7e6-34b04aa8f2cf,okeh.navy,available,41.99,41.99,high,low,4,namesilo,,,03/09/2026 23:21
cbf886a8-52bb-4711-8e70-9ac6917d80cc,whacking.navy,available,41.99,41.99,medium,low,8,namesilo,,,13/09/2026 11:09
d05832c9-4f08-485e-9d63-39dcc3fa7db6,lara.navy,available,41.99,41.99,high,low,4,namesilo,,,27/09/2026 19:35
30a39ff5-7a32-4902-830a-e8aaa6311cc7,fundamental.navy,available,41.99,41.99,high,low,11,namesilo,,,28/09/2026 11:15
d81a3ab0-8396-4921-8843-1d6480f32fd9,caldwell.navy,available,41.99,41.99,medium,low,8,namesilo,,,25/09/2026 03:55
bc66ad0b-afb3-4dac-af65-0e570f7a88b8,cupping.navy,available,,,high,low,7,,,,24/09/2026 20:18
74a345c8-5450-4fb0-b005-dbf2326769e6,sparkling.navy,available,41.99,41.99,high,low,9,namesilo,,,15/08/2026 14:45
25b4faf9-ecfe-434e-8ed7-2c4c8be489a4,hottish.navy,available,41.99,41.99,medium,low,7,namesilo,,,21/08/2026 14:20
e24e1d18-b3fe-40bf-b645-2f5edb89e97b,advisors.navy,available,34.27,34.27,medium,low,8,dynadot,,,28/09/2026 17:13
1bb5d99d-8b3a-43cf-aece-75b0ba58db2d,schuyler.navy,available,32.2,32.2,medium,low,8,cloudflare,,,28/09/2026 04:05
4aea1194-016f-44fe-b6eb-d0701f4eca6d,lisbon.navy,available,41.99,41.99,high,low,6,namesilo,,,
7d9b3ac8-4813-4488-b280-b1352e3b5d67,dream.navy,available,33.32,33.32,high,medium,5,spaceship,,,28/09/2026 20:52
c955b9b7-7b42-4196-b596-00b5eff93d05,baritone.navy,available,41.99,41.99,medium,low,8,namesilo,,,08/08/2026 19:36
2fb3bebf-fbf3-4c99-a8b6-fc49001616ef,eldritch.navy,available,41.99,41.99,medium,low,8,namesilo,,,16/08/2026 02:21
f27e211a-ae6d-46a7-80a4-0283ada84dfa,perverse.navy,available,41.99,41.99,medium,low,8,namesilo,,,14/08/2026 02:31
b704a826-7b80-4192-8747-cf3211c491ff,hematic.navy,available,41.99,41.99,medium,low,7,namesilo,,,20/08/2026 21:53
cf391774-0cf6-486e-a955-b34118a849e5,monestrous.navy,available,41.99,41.99,low,low,10,namesilo,,,25/08/2026 04:32
7c281d2d-765e-4616-9f88-a219240f129a,rage.navy,available,42.99,,high,low,4,name.com,,,
fb08e625-e8ab-41c4-b0a9-02ea2be4775d,observe.navy,available,41.99,41.99,high,low,7,namesilo,,,25/09/2026 23:53
08fd2b36-9751-45df-9312-7ed158be96f6,bonsai.navy,available,41.99,41.99,high,low,6,namesilo,,,24/09/2026 06:40
ccb8d595-24b8-4bcb-ae1a-054dc4ac557a,edmund.navy,available,43.98,45.98,medium,low,6,namecheap,,,25/09/2026 19:09
f6b85e68-4f40-46c0-b0fa-2a2a9848837f,only.navy,available,41.99,41.99,high,medium,4,namesilo,,,22/09/2026 02:00
ccce5f14-9850-43e0-8bd1-67a092a01dc5,virginia.navy,premium,118.8,118.8,high,low,8,namesilo,,,25/09/2026 09:38
fdab380a-ac55-44b1-b3b2-63410a6e02c2,atomizer.navy,available,43.98,45.98,high,low,8,namecheap,,,21/09/2026 00:18
eddc00b2-ce15-4a0a-b0b8-9dedd17992d0,detected.navy,available,41.99,41.99,high,low,8,namesilo,,,24/09/2026 07:30
adfdd94d-af08-482b-9af4-06f44763e3b3,accumulate.navy,available,41.99,41.99,high,low,10,namesilo,,,12/08/2026 16:47
65edc438-e670-4b4b-aa90-a70d1a233b6f,petty.navy,available,43.98,45.98,high,low,5,namecheap,,,24/09/2026 17:49
2f28344b-f2b6-4935-88df-813667a1eafe,fifteen.navy,available,43.98,45.98,high,low,7,namecheap,,,21/09/2026 11:44
58f1e3ae-2d0c-43a1-b521-d7bf4b6a8ba1,bonney.navy,available,41.99,41.99,medium,low,6,namesilo,,,23/09/2026 16:28
1c7b00a0-125b-4436-a0ab-9a3092c643e1,acetamide.navy,available,41.99,41.99,medium,low,9,namesilo,,,16/09/2026 23:49
c3944808-b8da-4899-888f-b5d6b4d49d18,untypical.navy,available,41.99,41.99,medium,low,9,namesilo,,,07/08/2026 16:10
bbaf0826-986b-48e2-88eb-dce62c4ca34b,atonia.navy,available,41.99,41.99,medium,low,6,namesilo,,,19/09/2026 00:37
c2825ff1-253c-4a77-b872-86d9b8a58554,genius.navy,available,41.99,41.99,high,medium,6,namesilo,,,21/09/2026 17:41
80e8aad6-d38c-42bd-9abe-a6a3710cbcef,adnexa.navy,available,41.99,41.99,medium,low,6,namesilo,,,17/09/2026 09:05
b25d9ad5-50e3-4b79-b6c3-880e22475a6b,invasive.navy,available,41.99,41.99,medium,low,8,namesilo,,,16/08/2026 23:54
aeef69f1-0464-41d1-9fa8-909f92abd99b,aquatics.navy,available,41.99,41.99,high,low,8,namesilo,,,19/09/2026 23:08
eb8593cc-197a-4039-8a06-f45dfaeabb5f,gleeful.navy,available,41.99,41.99,high,low,7,namesilo,,,20/08/2026 14:21
0ca2caf7-87d7-4014-81e7-f110adb69b9e,consumable.navy,available,41.99,41.99,high,low,10,namesilo,,,12/08/2026 23:04
442c3f7a-86dc-436a-93b5-d47919de412d,tracing.navy,available,41.99,41.99,high,low,7,namesilo,,,
c0dbfa06-be6e-48b0-82d3-ee1e3f9e595e,floyd.navy,available,43.98,45.98,high,low,5,namecheap,,,25/09/2026 19:20
9ffdaa5e-c6b7-48bd-b984-d81d5a4ebc68,jut.navy,available,41.99,41.99,medium,low,3,namesilo,,,22/08/2026 14:56
96202345-a662-4bc9-bb01-4fbb40e66229,flex.navy,available,41.99,41.99,high,medium,4,namesilo,,,23/09/2026 07:41
46e938fe-62a2-4119-b328-b942cd40574f,mould.navy,available,41.99,41.99,medium,low,5,namesilo,,,24/09/2026 15:22
2e379294-a578-4ecd-9a07-e20bbde85264,basilisk.navy,available,41.99,41.99,high,low,8,namesilo,,,22/09/2026 10:54
42913203-dc87-4e43-b71e-1914933e1037,splay.navy,available,41.99,41.99,medium,low,5,namesilo,,,10/09/2026 16:06
d128937d-f85a-4fe1-a830-e72e5980f38d,socialist.navy,available,41.99,41.99,high,low,9,namesilo,,,10/09/2026 13:19
7dc8288f-3bfb-4227-bc22-38b98f1dd3ca,figurative.navy,available,41.99,41.99,medium,low,10,namesilo,,,19/09/2026 14:22
3da305ef-ae34-4575-8094-597db175f859,iambic.navy,available,41.99,41.99,medium,low,6,namesilo,,,21/08/2026 17:28
08e09ea3-ac4a-4ff7-88e7-6b02723fd81f,hon.navy,available,41.99,41.99,high,low,3,namesilo,,,25/09/2026 12:00
31e50aec-e0b6-4d55-908f-e93133c03178,melissa.navy,available,41.99,41.99,high,low,7,namesilo,,,27/09/2026 04:11
43347ee3-f429-47bb-bc34-f41067354a87,animalism.navy,available,41.99,41.99,medium,low,9,namesilo,,,19/09/2026 08:55
29169de2-c559-45e7-ac84-fbfa6a549278,fraught.navy,available,41.99,41.99,medium,low,7,namesilo,,,18/08/2026 14:23
bba8424b-de43-40a0-a93b-9414de28bcf0,tycoon.navy,available,41.99,41.99,high,low,6,namesilo,,,23/09/2026 14:18
e4d126af-8683-447d-bd54-2ffc5b8742ef,cellini.navy,available,41.99,41.99,medium,low,7,namesilo,,,23/09/2026 08:47
6fa8eac1-ba29-48f7-88ab-d97e5e84f0ad,pray.navy,available,41.99,41.99,high,low,4,namesilo,,,
0a66051c-a24e-4173-8f27-150f20317d5e,unbarred.navy,available,41.99,41.99,medium,low,8,namesilo,,,12/09/2026 01:34
45f421a7-e45e-4418-84bc-7a272c216bde,aculeus.navy,available,43.98,45.98,medium,low,7,namecheap,,,17/09/2026 05:33
7a5b2ba6-064b-490d-ae7f-07982359eb6a,pairs.navy,available,41.99,41.99,medium,low,5,namesilo,,,16/09/2026 14:58
d816bcdc-7e9d-43ec-b559-ceebe10cbd97,wong.navy,available,41.99,41.99,medium,low,4,namesilo,,,26/09/2026 03:13
f314eca0-d894-4246-9e14-6fdc884e24a3,sorbonne.navy,available,33.32,33.32,medium,low,8,spaceship,,,28/09/2026 20:07
047933a5-3555-457a-8bf4-1398517da1b2,cruciform.navy,available,41.99,41.99,medium,low,9,namesilo,,,13/08/2026 08:42
e9c6f4d7-9aba-48f2-bee9-22e3f4703c7f,illusion.navy,available,41.99,41.99,high,low,8,namesilo,,,24/09/2026 16:35
cfb8443e-820f-4de9-80a7-e2b2ac516b33,walker.navy,available,41.99,41.99,high,low,6,namesilo,,,08/09/2026 12:36
b18f12ee-0091-4eaa-85ea-271900fade8d,rarity.navy,available,43.98,45.98,high,low,6,namecheap,,,24/09/2026 20:28
9a6d840e-9f23-4072-b5c3-0cbfe0a8c7cb,keane.navy,available,33.32,33.32,medium,low,5,spaceship,,,28/09/2026 18:07
3726c87e-8509-451b-aec0-449329f1c072,knew.navy,available,41.99,41.99,medium,low,4,namesilo,,,
a8f64da6-ba1c-410f-8445-afeccf814085,ambulant.navy,available,41.99,41.99,medium,low,8,namesilo,,,
56a4ce47-b107-4460-8d3c-cbd013e9325b,neptunium.navy,available,41.99,41.99,medium,low,9,namesilo,,,21/09/2026 00:09
c9a623ec-5f79-40bc-8004-d8fe1b01ea11,tone.navy,available,41.99,41.99,high,low,4,namesilo,,,
eedf03eb-69c9-4441-a7ed-14534964b6e3,nara.navy,available,33.47,33.47,medium,low,4,porkbun,,,28/09/2026 06:27
1f6da15b-0334-4142-91dc-4e1ca9c13062,crazed.navy,available,41.99,41.99,medium,low,6,namesilo,,,13/08/2026 05:31
11f4b2d3-6a2c-4a40-ba05-50f406050598,hospitably.navy,available,41.99,41.99,medium,low,10,namesilo,,,15/09/2026 01:10
7d8303ef-7f9a-468c-954a-37b8aead5be2,abo.navy,available,41.99,41.99,high,low,3,namesilo,,,
33da33d9-8f5f-40c0-8603-cb8c829404f4,denial.navy,available,41.99,41.99,high,low,6,namesilo,,,
e2692c2c-433b-42ec-8bed-3e9db99daf8e,matisse.navy,available,41.99,41.99,high,low,7,namesilo,,,
4debb87c-9e22-488e-8258-7f694e02cedc,rounder.navy,available,41.99,41.99,medium,low,7,namesilo,,,23/08/2026 00:51
758c900b-0714-4d84-86fa-52804aea74a2,icu.navy,available,41.99,41.99,high,low,3,namesilo,,,
824246f7-cb8a-49da-8542-77048d018c49,composite.navy,available,43.98,45.98,high,low,9,namecheap,,,23/09/2026 17:39
2286c474-2a59-4621-afb7-9aca005c74a6,baboon.navy,available,43.98,45.98,high,low,6,namecheap,,,21/09/2026 12:58
734711ac-ee2e-430c-a3e7-e712e67b6174,participation.navy,available,33.32,33.32,medium,low,13,spaceship,,,28/09/2026 22:50
eb74e659-b467-46c3-ae1a-6eebe1c6c3f6,amicably.navy,available,43.98,45.98,medium,low,8,namecheap,,,13/09/2026 19:29
9fd3ebfc-73ae-4ae7-8b7f-44bcbfdbfd3a,helps.navy,available,43.98,45.98,high,low,5,namecheap,,,25/09/2026 21:19
789e0f42-b7eb-494f-a623-1a44ea88b41b,volcano.navy,available,41.99,41.99,high,low,7,namesilo,,,
914f568d-a639-4f3e-94ab-a006cfbe6571,laborious.navy,available,41.99,41.99,medium,low,9,namesilo,,,06/08/2026 17:00
18337fd0-4362-44c7-9167-a351559279ef,subfusc.navy,available,41.99,41.99,medium,low,7,namesilo,,,10/09/2026 23:47
35d201d9-2305-46b1-99e8-ee21235e0239,egoist.navy,available,41.99,41.99,medium,low,6,namesilo,,,15/08/2026 19:43
bd6ad74d-d639-417c-b1b4-65569f93fb2e,humanlike.navy,available,41.99,41.99,medium,low,9,namesilo,,,
36567e0c-c7ac-49eb-8105-e8d3e9fcf6cf,batfish.navy,available,41.99,41.99,high,low,7,namesilo,,,22/09/2026 13:14
fb4ce90f-ba75-4dd9-aac7-effd92aef6ec,auriga.navy,available,41.99,41.99,medium,low,6,namesilo,,,21/09/2026 04:24
6cf81190-73da-4dbf-be9c-f8eb53ed1a46,contribution.navy,available,43.98,45.98,high,low,12,namecheap,,,28/09/2026 04:30
ba228054-fb1c-4a52-b056-9ce9c483622e,healthcare.navy,available,41.99,41.99,high,low,10,namesilo,,,28/09/2026 03:04
f6578822-8dee-4b4e-95c3-f7bba020926c,accurst.navy,available,41.99,41.99,medium,low,7,namesilo,,,
8638312d-5eab-4ad2-8823-64e2646a2c0f,eristic.navy,available,41.99,41.99,medium,low,7,namesilo,,,17/08/2026 12:17
6b51e119-2e47-48e9-ac9b-6160a378041d,spaghetti.navy,available,33.32,33.32,high,low,9,spaceship,,,28/09/2026 15:23
a702da53-016b-4195-a6af-052932eeb3da,bellbird.navy,available,43.98,45.98,medium,low,8,namecheap,,,23/09/2026 05:55
9f4b5c29-02f7-4fd9-9ac9-922cc36675e0,specialized.navy,available,41.99,41.99,high,low,11,namesilo,,,
8f6a818e-354c-4871-ad31-eae2ca7eb7d0,universities.navy,available,43.98,45.98,medium,low,12,namecheap,,,28/09/2026 08:47
8cda200d-171b-4211-a83b-490969a4d214,carpet.navy,available,41.99,41.99,high,low,6,namesilo,,,
ef8e1578-284d-4682-82b6-78ab58d916a9,requisitions.navy,available,41.99,41.99,medium,low,12,namesilo,,,20/09/2026 14:26
f72ea3b8-7512-4304-a77c-1ae0da12108e,adiantum.navy,available,41.99,41.99,medium,low,8,namesilo,,,17/09/2026 08:05
b54c30af-88f9-482e-8b49-16a90b521147,abydos.navy,available,41.99,41.99,medium,low,6,namesilo,,,16/09/2026 19:41
df2f2550-548f-44d3-b053-1a892189c90c,floored.navy,available,41.99,41.99,medium,low,7,namesilo,,,18/08/2026 08:49
a28ad0c2-e438-415e-a70b-a9f594680585,tycoons.navy,available,43.98,45.98,medium,low,7,namecheap,,,19/09/2026 22:53
37504b4d-83df-4f85-b5ac-95550ded8971,chatbot.navy,available,41.99,41.99,high,medium,7,namesilo,,,
8f9d126c-aae7-458d-926a-0c5c325cb987,astrogator.navy,available,41.99,41.99,medium,low,10,namesilo,,,20/09/2026 17:41
88a6ea3b-68b9-4ab2-ae95-67aeb8eb2c21,pouring.navy,available,42.99,52.99,high,low,7,name.com,,,20/08/2026 21:01
7016041d-0c7e-4d62-8797-70f6a8edc965,moot.navy,available,41.99,41.99,high,low,4,namesilo,,,14/08/2026 00:31
08d874d2-8876-43b6-90a6-ca715b5e76e6,diskette.navy,available,41.99,41.99,high,low,8,namesilo,,,18/08/2026 08:53
55e4ac3d-58b0-4daa-add2-55f5c079ad72,leaning.navy,available,41.99,41.99,high,low,7,namesilo,,,07/08/2026 13:24
c5bddd9e-f19a-4e79-8de6-a4ddc207cc9d,paralyzed.navy,available,41.99,41.99,medium,low,9,namesilo,,,08/09/2026 01:29
ea282ea3-b15b-4e9f-903b-f001c3e9eae8,hewn.navy,available,41.99,41.99,medium,low,4,namesilo,,,20/08/2026 23:16
58271201-c62a-493a-be55-d6f938692ee8,linden.navy,available,41.99,41.99,medium,low,6,namesilo,,,22/09/2026 12:37
11500d28-b53b-46c1-a768-9d9dfbe2ffe7,estimation.navy,available,41.99,41.99,high,low,10,namesilo,,,19/09/2026 22:26
59acd735-b653-4d8e-8db4-063dc9278573,weeping.navy,available,41.99,41.99,high,low,7,namesilo,,,12/08/2026 00:52
1e02cc2e-114e-4cf4-88d0-3cf7e55bb975,paraguayan.navy,available,41.99,41.99,medium,low,10,namesilo,,,08/09/2026 00:55
44c1dde5-00f6-45a3-ab26-c1d7ae0c2de0,akko.navy,available,41.99,41.99,medium,low,4,namesilo,,,16/09/2026 22:23
6b36ef45-5cce-49f2-af5c-042754f9a4a0,griffon.navy,available,41.99,41.99,medium,low,7,namesilo,,,23/09/2026 05:02
419a229a-9067-4e10-a3bb-4a65458e91a9,alborg.navy,available,41.99,41.99,medium,low,6,namesilo,,,16/09/2026 13:12
a036dc82-2c1b-4390-81e7-806f6a94f714,amaranth.navy,available,43.98,45.98,high,low,8,namecheap,,,18/09/2026 15:50
5cf8a43a-5e20-45fe-83eb-023ef246cc89,advice.navy,available,33.32,33.32,high,low,6,spaceship,,,28/09/2026 19:02
12247f42-8b7d-4773-90f5-6ed126f3bea6,steroids.navy,available,43.98,45.98,medium,low,8,namecheap,,,19/09/2026 19:38
c1e24612-dc2f-4e9a-a1af-cac53f0cc421,aggregates.navy,available,33.32,33.32,low,low,10,spaceship,,,28/09/2026 08:51
6febabed-7b05-4909-9265-8e0c2c8ad946,peninsular.navy,available,41.99,41.99,high,low,10,namesilo,,,08/09/2026 14:28
a1d9973b-10d2-4be1-8ea7-1cb05979a980,thus.navy,available,41.99,41.99,high,low,4,namesilo,,,28/09/2026 15:12
13c92a12-69d8-4346-90de-7112e949b5e2,word.navy,available,33.32,33.32,high,low,4,spaceship,,,29/09/2026 02:21
fe99fc92-49f6-4a63-8df7-42e6efc50e16,convinced.navy,available,41.99,41.99,high,low,9,namesilo,,,
01c77168-544d-4c08-bbe6-85be60e5f409,telling.navy,available,41.99,41.99,high,low,7,namesilo,,,12/08/2026 15:35
fab19296-dd3c-4bd5-a2ae-aba1578753eb,centrist.navy,available,41.99,41.99,high,low,8,namesilo,,,12/08/2026 00:14
9cf22215-35ab-4d7f-9b1e-21871482cbf5,sewer.navy,available,43.98,45.98,medium,low,5,namecheap,,,28/09/2026 15:19
2c4e4ca7-56b3-4d08-9612-1ec697765689,agrippina.navy,available,43.98,45.98,medium,low,9,namecheap,,,17/09/2026 19:33
866801d6-fa80-4d93-8bab-aa5817820264,personals.navy,available,41.99,41.99,medium,low,9,namesilo,,,08/09/2026 05:02
cf1f0637-b450-44e5-bd29-82b5c3af0247,otic.navy,available,41.99,41.99,medium,low,4,namesilo,,,07/08/2026 17:41
e3c50303-1ee8-4a7e-aede-a72b165d6571,lakh.navy,available,41.99,41.99,medium,low,4,namesilo,,,21/08/2026 15:36
351a46fb-bf1d-4686-bacb-47aac1799719,arenaria.navy,available,41.99,41.99,medium,low,8,namesilo,,,20/09/2026 03:39
f64f347a-a807-4f8c-8bcd-c6ebccc74930,formulary.navy,available,41.99,41.99,high,low,9,namesilo,,,18/08/2026 12:20
5c875d75-c913-47dd-b278-d2d96bb78f48,draining.navy,available,42.99,52.99,medium,low,8,name.com,,,14/08/2026 18:19
adf3ae56-81be-47fa-b6f0-f7a4a18811f6,layperson.navy,available,41.99,41.99,medium,low,9,namesilo,,,10/09/2026 01:26
927a5d34-821d-4076-a67a-1807a0d5cc9b,bucket.navy,available,41.99,41.99,high,low,6,namesilo,,,
5a627b3d-932b-499e-a27c-c8e622866846,cope.navy,available,43.98,45.98,high,low,4,namecheap,,,24/09/2026 18:08
97cd1e72-6ba1-478b-8ef5-2652e49f70dd,healing.navy,available,41.99,41.99,high,low,7,namesilo,,,24/09/2026 23:36
832562dc-656b-4af0-9e5b-e944c4771fcc,pants.navy,available,41.99,41.99,high,low,5,namesilo,,,24/09/2026 06:17
c01f1290-e237-42f5-8553-057d701066e2,beefy.navy,available,41.99,41.99,medium,low,5,namesilo,,,09/08/2026 07:49
391099a1-6902-4a48-8871-4bd191e849ca,jawed.navy,available,41.99,41.99,medium,low,5,namesilo,,,22/08/2026 12:32
2052651f-e056-40c2-9ef7-a44c373ab3b7,accordion.navy,available,41.99,41.99,high,low,9,namesilo,,,16/09/2026 23:02
cfb99163-86c4-4880-a678-dda804c76927,fairly.navy,available,41.99,41.99,high,low,6,namesilo,,,24/09/2026 16:08
61692047-bfa4-488d-85da-5b47a773b921,syrup.navy,available,33.47,33.47,high,low,5,porkbun,,,28/09/2026 06:44
125e8295-9187-444e-b156-10c2cba239a5,doctrine.navy,available,32.2,32.2,high,low,8,cloudflare,,,28/09/2026 02:40
43751793-9d36-4405-82d2-5d27ed7eb7a3,atonal.navy,available,41.99,41.99,medium,low,6,namesilo,,,07/08/2026 13:46
d25bb794-2924-4532-9314-16291c43f32b,unlikable.navy,available,41.99,41.99,medium,low,9,namesilo,,,12/09/2026 00:58
e3cd2874-0590-4a49-acd2-365106299ace,noodle.navy,available,41.99,41.99,high,low,6,namesilo,,,24/09/2026 06:38
09988916-ef71-479c-b9ed-4bf23ab5a0d1,decorous.navy,available,41.99,41.99,medium,low,8,namesilo,,,09/08/2026 06:21
461f1b67-6dc1-4866-aac4-b2085bd93be9,percival.navy,available,41.99,41.99,high,low,8,namesilo,,,28/09/2026 16:27
bc7c8d1c-a5b2-45ee-b358-68ea348e1e2f,fatefully.navy,available,43.98,45.98,medium,low,9,namecheap,,,14/09/2026 17:53
c68f45a2-231d-4090-baf3-58b7fcdf2c92,legless.navy,available,41.99,41.99,medium,low,7,namesilo,,,22/08/2026 23:13
ab801c28-b4c9-427f-b5c6-8df67ff16e83,sunshine.navy,available,41.99,41.99,high,low,8,namesilo,,,27/09/2026 02:06
fc933d33-de34-43c5-9c2f-9ff30eb6f365,apples.navy,available,41.99,41.99,high,low,6,namesilo,,,18/09/2026 14:01
42a02bbe-4255-4de5-9a89-f4ed03d2b295,pci.navy,available,41.99,41.99,high,low,3,namesilo,,,28/09/2026 11:26
75ccb06c-66d1-447b-a159-fd7c166fd731,yellowish.navy,available,41.99,41.99,high,low,9,namesilo,,,13/09/2026 13:59
5c294b92-bec8-4911-b773-4da753169e83,might.navy,available,42.99,,high,low,5,name.com,,,
57010346-36ff-4155-97bd-ddbe9d9c502b,soph.navy,available,41.99,41.99,medium,low,4,namesilo,,,10/09/2026 14:20
dd2abb63-3fd0-4b40-b88e-576594036180,explanations.navy,available,41.99,41.99,medium,low,12,namesilo,,,17/09/2026 10:05
03b283ce-c369-4976-830e-62cfb390fb06,watchful.navy,available,41.99,41.99,high,low,8,namesilo,,,
2a12f99d-933b-4c8f-b24c-3b216a0d6ef7,pacifier.navy,available,41.99,41.99,high,low,8,namesilo,,,21/09/2026 13:07
7be3cd5d-c350-4249-b82b-5d6dc57664c4,subtle.navy,available,34.27,34.27,high,low,6,dynadot,,,28/09/2026 01:48
0b755918-964e-432c-9d05-c4a760db126f,donor.navy,available,42.99,52.99,high,low,5,name.com,,,23/09/2026 10:42
654d1767-285c-4ad1-890b-b3dd29ff9dbb,pivot.navy,available,41.99,41.99,high,low,5,namesilo,,,
cf279fc1-c300-47d6-b239-9f56b4e09687,baku.navy,available,43.98,45.98,high,low,4,namecheap,,,21/09/2026 20:24
39eae218-d2b0-4fbb-b3a8-67246ba0080f,plummet.navy,available,41.99,41.99,medium,low,7,namesilo,,,08/09/2026 21:42
6fd019e0-a5a1-4112-835d-1ed18bd95cb4,jaundice.navy,available,41.99,41.99,medium,low,8,namesilo,,,17/09/2026 03:10
179e2788-b363-47ea-96d3-799866df27cd,genteel.navy,available,41.99,41.99,medium,low,7,namesilo,,,13/08/2026 10:19
6a17259f-ea50-49aa-88c4-1f37a546c6fa,oppressed.navy,available,41.99,41.99,medium,low,9,namesilo,,,04/09/2026 16:50
bb06bf0f-d5cf-4f33-97c6-862db3c790d5,requirements.navy,available,41.99,41.99,medium,low,12,namesilo,,,17/09/2026 10:26
d04b24ed-86ab-4376-892a-fe58ab93d524,raffish.navy,available,42.99,52.99,medium,low,7,name.com,,,13/08/2026 17:31
eee70a9d-af80-42b9-b683-e5cb1f869722,both.navy,available,41.99,41.99,high,low,4,namesilo,,,
e2fad273-ceec-4481-b99a-4f3ce295c5c0,hangbird.navy,available,41.99,41.99,medium,low,8,namesilo,,,22/09/2026 00:20
c9980332-dcc8-469c-a164-b622fa937d89,adaxial.navy,available,41.99,41.99,medium,low,7,namesilo,,,
52313bf9-fdcc-48e1-9ef3-cb16b2e757b1,annexation.navy,available,41.99,41.99,medium,low,10,namesilo,,,19/09/2026 10:25
0e185b3f-7813-4659-ae24-a10b35193b86,unfaithful.navy,available,42.99,52.99,medium,low,10,name.com,,,17/08/2026 21:18
72400c85-4701-43a9-a5ce-7280786dabce,prolific.navy,available,41.99,41.99,high,low,8,namesilo,,,27/09/2026 07:21
7367e0b7-fe6f-4e32-b791-d9793d345353,elliot.navy,available,41.99,41.99,high,low,6,namesilo,,,25/09/2026 21:48
e93353c4-f297-42de-8aef-d99a944e0953,indigotin.navy,available,41.99,41.99,medium,low,9,namesilo,,,22/08/2026 03:05
95297777-0e40-482c-87b2-293f8b16e33c,punishment.navy,available,41.99,41.99,high,low,10,namesilo,,,25/09/2026 09:51
72fa3071-9784-44a8-bc1e-b6ffda94115a,gao.navy,available,43.98,45.98,medium,low,3,namecheap,,,25/09/2026 06:16
9c677b8b-6951-4f12-9b91-1e0ca2872a51,lagger.navy,available,41.99,41.99,medium,low,6,namesilo,,,22/08/2026 18:42
aa09fd67-6e6c-44ef-aced-6630ba1bb5ba,holotype.navy,available,41.99,41.99,high,low,8,namesilo,,,25/09/2026 23:08
d372066d-44ae-425b-96ba-3ca6aff97317,bunk.navy,available,43.98,45.98,medium,low,4,namecheap,,,03/09/2026 20:32
ece5c7b1-3b35-4d3b-85f4-19dad1383bf3,annelidan.navy,available,41.99,41.99,medium,low,9,namesilo,,,
c7720005-8bd9-4363-9280-1011e2b8cf48,needless.navy,available,41.99,41.99,medium,low,8,namesilo,,,03/09/2026 14:55
bcfc7e3e-54aa-4974-94e4-4812e1d663b8,wilmington.navy,available,41.99,41.99,high,low,10,namesilo,,,25/09/2026 11:01
8214bdd2-0801-44c6-8e5b-bdf5cbc1b69b,ashtray.navy,available,41.99,41.99,high,low,7,namesilo,,,20/09/2026 14:02
d941e4cc-d2cf-4d54-8298-f406539ab408,digestive.navy,available,41.99,41.99,high,low,9,namesilo,,,24/08/2026 15:24
ea0654e1-ddae-4ed0-89ee-2d0591432f79,actors.navy,available,41.99,41.99,medium,low,6,namesilo,,,
c4f4f363-b336-45f3-93c0-0a14702f41fc,yours.navy,available,41.99,41.99,high,low,5,namesilo,,,
cd1451ec-545d-4691-82f4-0645ac4ee7ed,amidships.navy,available,41.99,41.99,medium,low,9,namesilo,,,
80b51ed2-3c95-4a90-ac31-0cb1394d724c,wiring.navy,available,41.99,41.99,high,low,6,namesilo,,,
b293c217-e86b-4c73-a722-6c83bb23fd9f,containing.navy,available,34.27,34.27,medium,low,10,dynadot,,,29/09/2026 03:15
440268f4-e554-40e3-9083-603c7dcb3b07,unoccupied.navy,available,41.99,41.99,medium,low,10,namesilo,,,12/09/2026 16:09
15ff9a13-ed19-4cc5-ae59-cd359d5c539b,hardworking.navy,available,41.99,41.99,high,low,11,namesilo,,,
478d1589-dbba-408c-8a79-111201ee2088,whisper.navy,available,41.99,41.99,high,low,7,namesilo,,,13/09/2026 11:38
6e6853d6-aa50-47b8-85d7-d0ac7f26eaee,airplane.navy,available,41.99,41.99,high,low,8,namesilo,,,27/09/2026 04:01
c45e4d33-7260-4fc5-9852-f4152f8aa02e,suny.navy,available,33.32,33.32,medium,low,4,spaceship,,,28/09/2026 16:53
327d7e15-fc7d-4f04-b9cd-5753e71a5c30,attorney.navy,available,43.98,45.98,high,low,8,namecheap,,,28/09/2026 23:09
95996d6f-371a-4a57-909b-5ec64eee97c3,judith.navy,available,33.32,33.32,high,low,6,spaceship,,,28/09/2026 05:18
87ce4f8b-a91f-45b3-9f9a-de478e2da4e0,ability.navy,available,34.27,34.27,high,low,7,dynadot,,,28/09/2026 17:03
1fd6e180-116f-4c5b-aa5c-580268de7687,exemplary.navy,available,43.98,45.98,high,low,9,namecheap,,,21/09/2026 18:58
261cd59c-7850-454c-835d-e7a4fa360ac6,course.navy,available,33.32,33.32,high,low,6,spaceship,,,28/09/2026 20:13
33b42c2c-f863-48e4-88b3-5dccdd489f34,newfound.navy,available,41.99,41.99,medium,low,9,namesilo,,,08/09/2026 04:48
5e89e33e-7f1b-49e8-8a72-edb609acf9de,commenting.navy,available,42.99,,high,low,10,name.com,,,
a6fd846c-6e3a-4b1e-a99f-c2324dc9237b,barns.navy,available,41.99,41.99,medium,low,5,namesilo,,,20/09/2026 22:46
dd8e7317-dbe8-4b70-9e7f-601211846aed,galangal.navy,available,41.99,41.99,medium,low,8,namesilo,,,18/09/2026 14:03
91d678e3-769c-419e-b98a-6e6a596f067c,moosewood.navy,available,41.99,41.99,medium,low,9,namesilo,,,16/09/2026 23:36
757bdfd2-dd8f-436c-bf14-e7c40421e463,unitarian.navy,available,41.99,41.99,high,low,9,namesilo,,,12/09/2026 13:56
bc256475-44f5-4dc3-b275-5292bf43a93b,sid.navy,available,43.98,45.98,high,low,3,namecheap,,,25/09/2026 12:52
1e48281f-5707-409b-a57e-8d98bd811aec,chavez.navy,available,33.32,33.32,high,low,6,spaceship,,,28/09/2026 01:29
875f6437-6087-4d5a-abb7-0abcb7411074,mile.navy,available,32.2,32.2,high,low,4,cloudflare,,,28/09/2026 18:43
a2ffcac6-314e-4386-ae47-032a21c5f88f,herakles.navy,available,41.99,41.99,high,low,8,namesilo,,,18/09/2026 04:05
eec8a4e1-773b-47c4-a1ee-01e802f841c9,inquirer.navy,available,43.98,45.98,medium,low,8,namecheap,,,20/09/2026 14:22
9b51dbbb-1f3b-49f1-abc3-4704119e8c26,horses.navy,available,41.99,41.99,medium,low,6,namesilo,,,17/09/2026 09:06
63bf49b5-0f10-4d93-a206-accdeb655d1a,sniper.navy,available,33.32,33.32,high,low,6,spaceship,,,28/09/2026 15:22
eee1d99b-5c0a-453c-83a9-f0542d28c7ae,lateen.navy,available,42.99,52.99,medium,low,6,name.com,,,22/08/2026 20:29
a7631d8c-53d2-4369-9f24-c4c8d9ccbc76,bratislava.navy,available,34.27,34.27,medium,low,10,dynadot,,,28/09/2026 13:35
0b2e3333-f758-4c3e-ab36-40ecfd1f0a3d,culinary.navy,available,41.99,41.99,high,low,8,namesilo,,,19/09/2026 15:04
73fc89c3-799b-4b44-90f3-693a0ab98ecd,center.navy,available,43.98,45.98,high,low,6,namecheap,,,23/09/2026 13:19
2295506f-e839-4ca0-82c4-b7d2490fd898,ionized.navy,available,41.99,41.99,high,low,7,namesilo,,,22/08/2026 09:31
e2e16e9b-77eb-4a50-b33c-c6f36e3ff706,imported.navy,available,41.99,41.99,medium,low,8,namesilo,,,21/08/2026 22:48
05e637cf-fe85-412a-8f0e-8d915dbefaa8,idempotent.navy,available,42.99,52.99,medium,low,10,name.com,,,21/08/2026 18:03
447fef8e-87b5-483d-9872-bc575ca884de,alexander.navy,available,33.47,33.47,high,medium,9,porkbun,,,28/09/2026 20:15
2202f80c-8234-4ad9-a85e-ba0e22cd971c,britannic.navy,available,41.99,41.99,medium,low,9,namesilo,,,11/08/2026 04:44
d13daf55-7f5e-4ba4-a661-c0b17d423e59,decease.navy,available,43.98,45.98,medium,low,7,namecheap,,,24/09/2026 19:36
903d715a-d3e9-4da4-a71b-3f7f9f6b3ca5,alumna.navy,available,42.99,52.99,high,low,6,name.com,,,20/08/2026 17:44
371db98e-b6c1-41f1-ad28-b68fb05a0e4a,topology.navy,available,41.99,41.99,high,low,8,namesilo,,,19/09/2026 01:59
f8b3a0e9-0ac5-46f5-bad2-1918ad15b509,auditory.navy,available,43.98,45.98,high,low,8,namecheap,,,22/09/2026 12:39
31320132-7a3a-4b66-bc63-43c18e507e8e,sensory.navy,available,32.2,32.2,high,low,7,cloudflare,,,27/09/2026 20:08
d2b9fbf6-2fde-4698-8c43-f4d7fd2b0cc1,paperwork.navy,available,41.99,41.99,high,low,9,namesilo,,,28/09/2026 02:53
c1ded542-a6e8-4f89-907e-551d0052fef4,asterion.navy,available,41.99,41.99,medium,low,8,namesilo,,,20/09/2026 17:10
c4aa9d93-da07-4c75-94f1-1908720f3b6f,where.navy,available,41.99,41.99,high,low,5,namesilo,,,
636d31f5-c26c-405b-8cf8-f8fdba5b0c25,pinging.navy,available,41.99,41.99,medium,low,7,namesilo,,,
944e6b33-fe5e-4f41-b23f-ecf5ab8add8f,computing.navy,available,41.99,41.99,high,low,9,namesilo,,,19/09/2026 12:12
cc59ada7-e260-40ef-8884-de445493b2fe,sloane.navy,available,34.27,34.27,high,low,6,dynadot,,,28/09/2026 16:12
a04aa933-259b-47c6-8dee-dd034cd67540,dizzy.navy,available,41.99,41.99,high,low,5,namesilo,,,
ec4eee44-d75a-4c93-896e-98625ec2d3e4,ornamental.navy,available,41.99,41.99,high,low,10,namesilo,,,13/08/2026 02:53
98f4afd5-b56a-472f-baec-2991edea9a3e,bunny.navy,available,41.99,41.99,high,low,5,namesilo,,,
25669531-6c08-4267-a21f-21fd171ac772,pennyroyal.navy,available,43.98,45.98,medium,low,10,namecheap,,,18/09/2026 20:31
4e2207ed-d4a1-4750-a898-a70cf70be7a9,lowborn.navy,available,41.99,41.99,medium,low,7,namesilo,,,24/08/2026 10:44
bd4c0600-8599-4e00-b586-32a5b772d4c0,strongest.navy,available,33.32,33.32,high,low,9,spaceship,,,28/09/2026 12:52
9842e1cb-62bb-4314-9b63-bd76237546a6,wheezy.navy,available,41.99,41.99,medium,low,6,namesilo,,,07/08/2026 09:31
5ef88b96-3310-456f-a55e-8994a43ab30a,bark.navy,available,43.98,45.98,high,low,4,namecheap,,,22/09/2026 06:15
f9eb71bc-ae7e-45b5-b9cb-9b869c5255a9,prate.navy,available,41.99,41.99,medium,low,5,namesilo,,,23/09/2026 23:29
f4e57f42-136b-4588-9d46-1cc6060defec,mitral.navy,available,41.99,41.99,medium,low,6,namesilo,,,25/08/2026 02:10
99f136d4-3a4b-4eeb-ad3f-068958df2830,family.navy,available,41.99,41.99,high,medium,6,namesilo,,,25/09/2026 12:40
1bb3d823-31c0-40c3-9a0a-eee29a9f7065,chilean.navy,available,41.99,41.99,high,low,7,namesilo,,,12/08/2026 05:15
2df1884a-6e04-4a3b-81d4-1476fadfe137,overblown.navy,available,43.98,45.98,medium,low,9,namecheap,,,04/09/2026 20:19
6c8e4cff-0602-4320-88c1-7f090e6c5abe,burton.navy,available,33.47,33.47,high,low,6,porkbun,,,28/09/2026 18:31
495b0966-fa6c-45c5-a779-a513964df3cd,sprucely.navy,available,41.99,41.99,medium,low,8,namesilo,,,15/09/2026 15:17
d827f698-b7c9-470e-a054-bc4a78e38b94,enchained.navy,available,41.99,41.99,medium,low,9,namesilo,,,12/08/2026 01:24
0223bd2b-130b-46ad-999a-8e691dcff737,bryan.navy,available,33.32,33.32,high,low,5,spaceship,,,29/09/2026 03:53
878f30ae-e48b-4c76-bfc5-3476474eef0f,capitol.navy,available,41.99,41.99,high,low,7,namesilo,,,
aaebffae-64f0-4b27-ae09-7e6536e2f667,allocate.navy,available,41.99,41.99,high,low,8,namesilo,,,
ff0c3200-d041-49b8-a7ab-7fc865434144,panty.navy,available,41.99,41.99,high,low,5,namesilo,,,09/09/2026 22:42
79e3d6f7-1c01-45cf-9b26-6d90ea684a9a,gill.navy,available,41.99,41.99,high,low,4,namesilo,,,24/09/2026 08:09
291fbf54-2e67-49f0-9551-e3ff2d9d23ec,blacksmith.navy,available,43.98,45.98,high,low,10,namecheap,,,24/09/2026 03:09
c3f328d9-3025-48a6-94bc-7ba59dd96402,cadillac.navy,available,41.99,41.99,high,low,8,namesilo,,,
9389272e-8b82-4580-91d5-f95a0cd4fd3d,disraeli.navy,available,43.98,45.98,medium,low,8,namecheap,,,23/09/2026 08:17
4eb9b812-4fc0-4f7a-b6ab-52eae68bc44d,bloch.navy,available,43.98,45.98,medium,low,5,namecheap,,,28/09/2026 00:50
f6bc38b5-0c06-4289-8f7a-301220ae3b7e,unshod.navy,available,41.99,41.99,medium,low,6,namesilo,,,14/08/2026 09:48
4d5f3c10-eedd-499c-950c-b1e3169343f7,bitmap.navy,available,43.98,45.98,high,low,6,namecheap,,,23/09/2026 22:40
fa603256-e4b2-42a9-818b-079c84a44781,unentitled.navy,available,41.99,41.99,low,low,10,namesilo,,,12/09/2026 09:07
b6c60def-2bde-4494-bcfa-3c705050cf87,breathtaking.navy,available,41.99,41.99,high,low,12,namesilo,,,
4df241e5-e947-49d5-b09c-f0e30fa3de06,peafowl.navy,available,43.98,45.98,high,low,7,namecheap,,,23/09/2026 20:05
86405bb8-75d2-4418-be49-f24ff20d0ace,mentioned.navy,available,41.99,41.99,medium,low,9,namesilo,,,
eeb5adeb-c44b-4708-af2d-6f261df4d1b1,knife.navy,available,41.99,41.99,high,low,5,namesilo,,,25/09/2026 23:24
28682465-0836-4326-9604-47faad240370,pedal.navy,available,41.99,41.99,high,low,5,namesilo,,,08/09/2026 12:17
0cb39ce1-4e2c-4a3c-84e6-6cb78a78f23b,cardiff.navy,available,41.99,41.99,high,low,7,namesilo,,,28/09/2026 01:26
02b66af6-d129-416d-af8e-95a5bad4f90c,academy.navy,premium,123.75,123.75,high,low,7,name.com,,,16/09/2026 20:24
65c2aa2d-7095-46dd-94b9-0e804c5a7f2d,copious.navy,available,41.99,41.99,high,low,7,namesilo,,,13/08/2026 00:28
b5bd1fdd-6eae-4651-a44e-42fb4891b0e2,blenheim.navy,available,41.99,41.99,high,low,8,namesilo,,,24/09/2026 05:52
3a1bc0dc-1240-45de-854e-81838e4de413,champ.navy,available,41.99,41.99,high,low,5,namesilo,,,12/08/2026 01:35
f10c5fdf-ea16-4afa-bd93-ba3805ba305b,mutual.navy,available,41.99,41.99,high,low,6,namesilo,,,25/09/2026 22:40
7da0886d-a22e-45dc-8f0c-c95ffb66637e,vulvar.navy,available,41.99,41.99,medium,low,6,namesilo,,,13/09/2026 07:29
d6f4d500-f94a-4af7-847c-6720b3a25ed3,fungicide.navy,available,42.99,52.99,medium,low,9,name.com,,,
ef953b66-77ba-422e-9359-ab0115f66ddf,tobago.navy,available,41.99,41.99,high,low,6,namesilo,,,27/09/2026 05:45
a9c2335d-20e7-47e4-8708-430d7f870c5a,remained.navy,available,41.99,41.99,medium,low,8,namesilo,,,18/09/2026 11:23
4f0b16ab-f282-45bf-9a10-d8cd25b1d843,trigon.navy,available,41.99,41.99,high,low,6,namesilo,,,11/09/2026 19:46
72c9a7fd-fc37-4bbe-9619-04305d1d7276,jinxed.navy,available,41.99,41.99,medium,low,6,namesilo,,,21/08/2026 07:53
5b9325ab-7f6a-46a0-b8c4-ca14db2402a3,unsalted.navy,available,41.99,41.99,medium,low,8,namesilo,,,12/09/2026 18:45
ea6ddaf3-5a92-4181-942d-72cd148521dc,depicted.navy,available,41.99,41.99,medium,low,8,namesilo,,,14/08/2026 02:12
7e8de06e-0abd-4fc8-ad9c-e7213c812fea,armenian.navy,available,41.99,41.99,high,low,8,namesilo,,,06/08/2026 19:39
6da67476-c9c0-48c6-8590-93ad773f832d,lance.navy,available,34.27,34.27,high,low,5,dynadot,,,28/09/2026 05:44
e8872389-9bc4-4168-b62e-7869d4b17a63,bedrock.navy,available,41.99,41.99,high,low,7,namesilo,,,22/09/2026 10:39
72c33c44-2703-4a2a-aa6c-2349a43b5d00,drain.navy,available,41.99,41.99,high,low,5,namesilo,,,24/09/2026 23:49
0eab71f6-1cde-4c1b-b2b5-558509a41b1b,blair.navy,available,41.99,41.99,high,low,5,namesilo,,,19/09/2026 13:36
f55699b0-7d61-444b-86a2-230a6b43a7eb,explore.navy,available,41.99,41.99,high,medium,7,namesilo,,,
6188dafa-3605-499c-b9b8-46d06fb47a98,cantaloup.navy,available,41.99,41.99,high,low,9,namesilo,,,24/09/2026 12:08
8b7e29f9-4863-4058-a647-f4e27ede8924,rustless.navy,available,43.98,45.98,medium,low,8,namecheap,,,09/09/2026 20:19
2e336284-267c-47ca-b8d7-e6540beede2e,probation.navy,available,32.2,32.2,high,low,9,cloudflare,,,28/09/2026 10:46
281a126d-23ae-48f7-8f00-75c0ed912a24,ricky.navy,available,33.32,33.32,high,low,5,spaceship,,,27/09/2026 19:08
ee981162-67d1-4dee-ad3c-48b31867f76d,xiii.navy,available,41.99,41.99,high,low,4,namesilo,,,21/09/2026 11:34
39e48329-0b8b-44cf-80d5-b882e2a5a4e6,thirty.navy,available,41.99,41.99,high,low,6,namesilo,,,
4b5ff6d3-e91d-450b-9d6c-08398c2bed74,having.navy,available,41.99,41.99,high,low,6,namesilo,,,
5e05dbd6-b4da-4d83-b38c-9f0562f49a4c,stinking.navy,available,41.99,41.99,medium,low,8,namesilo,,,13/08/2026 05:16
a3f8f5f1-2b9c-4917-8345-897d04b85ecf,allie.navy,available,41.99,41.99,high,low,5,namesilo,,,17/09/2026 22:42
da95eaf0-4823-44b8-9180-bcc951947394,implanted.navy,available,41.99,41.99,medium,low,9,namesilo,,,13/08/2026 22:47
3058bde6-4cf2-4a82-85e5-7a8c472e467f,appleton.navy,available,43.98,45.98,medium,low,8,namecheap,,,19/09/2026 21:41
20f07d48-c4da-47c4-85d2-4d83077a4f75,anteroom.navy,available,41.99,41.99,medium,low,8,namesilo,,,19/09/2026 12:42
a1cad083-d950-4dc9-896b-ff4dcdbb4dd0,don.navy,available,43.98,45.98,high,low,3,namecheap,,,27/09/2026 08:52
839f2805-d21e-41d4-b523-3a39a2b5b027,togged.navy,available,41.99,41.99,medium,low,6,namesilo,,,11/09/2026 16:44
9ed7cdfa-b0b6-4641-a261-6fe35a969d61,alummah.navy,available,43.98,45.98,medium,low,8,namecheap,,,18/09/2026 01:08
ebe2a0e6-d4db-4adb-a379-a8cfb05cd4cd,tabby.navy,available,41.99,41.99,high,low,5,namesilo,,,23/09/2026 09:31
55f8f6bd-7dee-45db-a02c-4d5ba5883da0,injection.navy,available,33.32,33.32,high,low,9,spaceship,,,28/09/2026 06:02
8debe6a8-eadc-433a-802c-fac8b7504063,accuracy.navy,available,41.99,41.99,high,low,8,namesilo,,,16/09/2026 23:21
89cfadb9-5fb0-4e28-aa7c-73c9cb041e6f,feeling.navy,available,41.99,41.99,high,low,7,namesilo,,,
966d9ce3-4cb6-43f5-b6f1-5a9fea69ac2a,nor.navy,available,42.99,,high,low,3,name.com,,,
59d57b4a-bdba-41a6-975f-1c345eeb0c80,bagging.navy,available,,,medium,low,7,,,,21/09/2026 18:06
2f55df9e-d1d8-433b-a645-54ec0f37b705,mellon.navy,available,43.98,45.98,high,low,6,namecheap,,,19/09/2026 04:48
90f4be9b-8653-4696-8d09-1210b6a0aa8b,attained.navy,available,41.99,41.99,medium,low,8,namesilo,,,07/08/2026 15:07
3bf486d7-7ee2-4799-b059-92a0faa10aae,grouse.navy,available,43.98,45.98,high,low,6,namecheap,,,23/09/2026 00:24
b54e9c3b-20ec-4d0f-bcf2-a028dc69d5e4,workaday.navy,available,41.99,41.99,high,low,8,namesilo,,,17/08/2026 14:58
ed9a5478-a042-4a9c-94fc-119f81d35a28,verbs.navy,available,41.99,41.99,medium,low,5,namesilo,,,
0c30bd28-747f-4b05-a2b8-343831613e57,purposely.navy,available,41.99,41.99,medium,low,9,namesilo,,,13/09/2026 17:36
1c7111c3-3bb0-4e4c-bcb4-8fbcd11bf41c,native.navy,available,41.99,41.99,high,low,6,namesilo,,,03/09/2026 13:45
68540323-7ef7-4c73-9bae-e1a592d8761a,selfaware.navy,available,41.99,41.99,medium,low,10,namesilo,,,10/09/2026 02:00
b5d6264c-6bd2-440c-9f24-6fe5e8815596,gained.navy,available,41.99,41.99,low,low,6,namesilo,,,28/09/2026 08:35
9129dd4b-eb8d-4687-9fa7-32d2b229657e,abator.navy,available,41.99,41.99,medium,low,6,namesilo,,,16/09/2026 14:13
50c1f5dc-460f-496e-8c01-ee824c9974b5,html.navy,available,41.99,41.99,high,low,4,namesilo,,,
92137174-ac84-488d-abd5-d4d40c3205f7,romeo.navy,available,41.99,41.99,high,low,5,namesilo,,,27/09/2026 05:10
6faeeb5b-71c3-403d-99b3-44849f96ae3c,southern.navy,available,41.99,41.99,high,low,8,namesilo,,,27/09/2026 23:59
f4096cf0-eefa-4501-9b43-e379640b0331,wanderer.navy,available,43.98,45.98,high,low,8,namecheap,,,23/09/2026 20:11
e0d0a881-36c3-4bb2-b424-d196eab2df12,screaming.navy,available,41.99,41.99,high,low,9,namesilo,,,09/09/2026 23:52
1e3c1074-4e40-406a-9ae1-8301ba7d2642,benny.navy,available,43.98,45.98,high,low,5,namecheap,,,23/09/2026 08:22
286328dd-6bcc-4ea3-9cc0-ae97e1572884,allowable.navy,available,41.99,41.99,high,low,9,namesilo,,,
454496b8-8c09-4b6f-991d-a6e5d9db36e3,patterned.navy,available,41.99,41.99,medium,low,9,namesilo,,,08/09/2026 10:49
8b9a0a76-29d3-46c0-b87d-214b1affdd00,gallant.navy,available,41.99,41.99,high,low,7,namesilo,,,12/08/2026 06:16
190e678a-6c5f-486b-900e-8057dc5fa577,sinn.navy,available,41.99,41.99,high,low,4,namesilo,,,28/09/2026 15:48
03441069-350f-4d79-aa9d-ef1dfa6b9a61,blemished.navy,available,41.99,41.99,medium,low,9,namesilo,,,10/08/2026 14:12
139f6018-854a-48e8-9615-b013abd96d10,sodium.navy,available,41.99,41.99,high,low,6,namesilo,,,20/09/2026 22:13
ba236b38-9c39-4a93-ad6e-53ec9eb955a9,slaveless.navy,available,41.99,41.99,medium,low,9,namesilo,,,18/08/2026 14:44
cfa8f662-6e36-4228-832f-ed57977d79c5,keenan.navy,available,33.32,33.32,high,low,6,spaceship,,,28/09/2026 22:23
9ad956c1-cdff-4c71-97bc-7c6c85b52da9,unpleasant.navy,available,41.99,41.99,medium,low,10,namesilo,,,12/09/2026 16:58
1bdcd8a1-e13d-4f2d-a68d-a8022982dd9a,estates.navy,available,41.99,41.99,medium,low,7,namesilo,,,18/09/2026 06:36
fa5231fe-d442-47aa-8b94-1203daeff385,upside.navy,available,41.99,41.99,high,low,6,namesilo,,,28/09/2026 06:49
38e853a8-8bec-467c-9873-88f7d0e3005a,darius.navy,available,43.98,45.98,high,low,6,namecheap,,,27/09/2026 07:28
ec2d7410-42ca-4cdf-845e-ccfca23bbaf5,damage.navy,available,41.99,41.99,high,low,6,namesilo,,,25/09/2026 04:36
bed863a3-fd76-464c-88d1-eace76171934,hole.navy,available,41.99,41.99,high,low,4,namesilo,,,
9b08e60d-46d5-40a9-8918-7692e2073aee,infected.navy,available,41.99,41.99,high,low,8,namesilo,,,22/08/2026 04:09
c5bdd24b-7866-4264-89c4-7596d292e796,nick.navy,available,43.98,45.98,high,medium,4,namecheap,,,28/09/2026 02:02
740deec0-b099-4dad-9ac2-6af4c77ace58,daphne.navy,available,33.32,33.32,high,low,6,spaceship,,,27/09/2026 12:56
62e09830-1605-4e4f-bc7b-482fb95d4939,shiny.navy,available,41.99,41.99,high,low,5,namesilo,,,23/09/2026 11:51
80fccad9-1af3-4ed2-bcca-f514d6db39cc,gray.navy,available,43.98,45.98,high,low,4,namecheap,,,24/09/2026 22:57
586e300c-ecdf-4ec8-a9e4-e6e2885cb5a1,elegantly.navy,available,41.99,41.99,medium,low,9,namesilo,,,14/09/2026 15:17
a5832754-682c-42c7-9681-114ab1177452,cocksure.navy,available,41.99,41.99,medium,low,8,namesilo,,,12/08/2026 15:00
1a280e54-9b9a-4283-acae-a48a7b26d981,serb.navy,available,41.99,41.99,high,low,4,namesilo,,,10/09/2026 04:35
d626ad0f-95d5-415f-88c0-dba4024cf80d,unreactive.navy,available,43.98,45.98,medium,low,10,namecheap,,,12/09/2026 17:50
ddd8ec66-fc23-407c-a1a4-3e5320c65d53,heritage.navy,available,33.47,33.47,high,medium,8,porkbun,,,28/09/2026 14:26
0dc9c817-98e4-43b6-9bcd-db854b904a10,vendor.navy,available,41.99,41.99,high,low,6,namesilo,,,28/09/2026 02:42
85858521-36a6-439f-85b5-3de8bfbb71e8,liquefied.navy,available,41.99,41.99,medium,low,9,namesilo,,,23/08/2026 22:01
352f5719-1db6-47ee-8b59-7a01704ef63e,indecisive.navy,available,41.99,41.99,medium,low,10,namesilo,,,22/08/2026 02:27
80806df6-76e1-4e92-a2a7-5a98e938c2db,gardener.navy,available,34.27,34.27,medium,low,8,dynadot,,,28/09/2026 09:51
fec6939a-5cd9-4071-a219-8fed59e8e028,document.navy,available,41.99,41.99,high,low,8,namesilo,,,
09b85b33-c0ab-4a9d-8037-a6f74fceb440,dread.navy,available,41.99,41.99,high,low,5,namesilo,,,14/08/2026 18:38
913c3fae-1b8e-4ffc-bef4-635ed4a0c9de,enviable.navy,available,41.99,41.99,high,low,8,namesilo,,,24/09/2026 14:16